additional_feature,anti_lock_braking_system_abs_,assemble_in,battery_ip_rating,battery_type,battery_voltage,best_lube_for,bike_name,bike_type,bore,braking_system,brand,brand_origin,cc,charging_point,charging_time,chassis_type,clutch_type,compression_ratio,displacement,distributor_seller,drive_type,engine_cooling,engine_kill_switch,engine_oil_capacity,engine_oil_grade,engine_type,fast_charging,front_brake_diameter,front_brake_type,front_suspension,front_tyre_size,fuel_supply,fuel_tank_capacity,ground_clearance,handle_type,head_light,height,indicators,input_voltage,launched_date,load_capacity,made_in,maximum_power,maximum_torque,mileage,mobile_connectivity,model_year,motor_ip_rating,motor_power,motor_type,no_of_cylinders,no_of_gears,odometer,overall_length,overall_width,page,passenger_grab_rail,range,rear_brake_diameter,rear_brake_type,rear_suspension,rear_tyre_size,regular_price,rpm_meter,seat_height,seat_type,speedometer,starting_method,stroke,tail_light,top_speed,transmission_type,tyre_type,url,valves,weight,wheel_type,wheelbase
N/A,No,N/A,N/A,Graphene-Battery,60V 23Ah,N/A,Luyuan MYC (800W),Electric Scooter,N/A,Single Disc,Luyuan,China,N/A,Yes,6-7 Hr,N/A,Automatic Clutch,N/A,N/A,DX New Energy Industries Limited,N/A,N/A,no,N/A,N/A,N/A,N/A,N/A,Single Disc,Double Suspension,3.00-10,N/A,N/A,140 Mm,Scooter Type,LED,1120 Mm,led,N/A,N/A,N/A,N/A,0 Bhp @ 0 RPM ,0 NM @ 0 RPM ,0 Kmpl (Approx) ,N/A,N/A,N/A,800W,Brushless DC,N/A,N/A,digital,1780 Mm,700 Mm,,yes,65-80 km/charge,N/A,Drum Brake,Double Suspension,3.00-10,109900,Digital,N/A,Single-Seat,digital,Electric,N/A,led,45 Kmph (Approx) ,Auto,tubeless,https://www.bikebd.com/ev/exploit-hammer,N/A,83 Kg,Alloy,1700 Mm
N/A,No,N/A,N/A,Graphene-Battery,60V 23Ah,N/A,Walton Takyon  LEO 25T1,Electric Scooter,N/A,Single Disc,Walton,N/A,N/A,Yes,6-8 Hr,N/A,Automatic Clutch,N/A,N/A,,N/A,N/A,no,N/A,N/A,N/A,N/A,N/A,Single Disc,Info Not Available,N/A,N/A,N/A,180 Mm,Scooter Type,LED,1290 Mm,led,N/A,N/A,N/A,N/A,0 Bhp @ 0 RPM ,0 NM @ 0 RPM ,0 Kmpl (Approx) ,N/A,N/A,N/A,800W,Hub Motor,N/A,N/A,digital,1600 Mm,650 Mm,,yes,N/A,N/A,Drum Brake,Info Not Available,N/A,86850,Digital,N/A,Single-Seat,digital,Electric,N/A,led,35 Kmph (Approx) ,Auto,tubeless,https://www.bikebd.com/ev/exploit-hammer,N/A,89.0 kg,Alloy,1140 Mm
"NFC unlocking, LED lighting.",No,N/A,N/A,Graphene-Battery,60V 26Ah,N/A,AIMA F520,Electric Scooter,N/A,Disc Brake,AIMA,China,N/A,Yes,N/A,N/A,Automatic Clutch,N/A,N/A,DX New Energy Industries Limited,N/A,N/A,Info-Not-Available,N/A,N/A,N/A,N/A,N/A,Single Disc,Double Suspension,3.00-10,N/A,N/A,135 Mm,Scooter Type,LED,1150 Mm,led,N/A,2025-09-07,N/A,China,0 Bhp @ 0 RPM ,0 NM @ 0 RPM ,0 Kmpl (Approx) ,N/A,2025,N/A,1000W,Hub Motor,N/A,N/A,digital,1769 Mm,680 Mm,,yes,N/A,N/A,Disc Brake,Double Suspension,3.00-10,114900,Digital,N/A,Single-Seat,digital,Electric,N/A,led,45 Kmph (Approx) ,Auto,tubeless,https://www.bikebd.com/ev/exploit-hammer,N/A,103 kg,Alloy,1250 Mm
Reverse gear,No,N/A,N/A,lead-acid,48V 95AH,N/A,Green Tiger JR Fenix,Electric Scooter,N/A,Single Disc,Green Tiger,China,N/A,N/A,4-5 Hr,N/A,Automatic Clutch,N/A,N/A,,N/A,N/A,no,N/A,N/A,N/A,N/A,N/A,Single Disc,Double Suspension,N/A,N/A,N/A,N/A,Scooter Type,LED,N/A,led,N/A,N/A,N/A,N/A,0 Bhp @ 0 RPM ,0 NM @ 0 RPM ,0 Kmpl (Approx) ,N/A,N/A,N/A,1000 W,Brushless,N/A,N/A,digital,N/A,N/A,,yes,N/A,N/A,Drum Brake,Double Suspension,N/A,99500,Digital,N/A,Single-Seat,digital,Electric,N/A,led,50 Kmph (Approx) ,Auto,tubeless,https://www.bikebd.com/ev/exploit-hammer,N/A,N/A,Alloy,N/A
N/A,No,N/A,N/A,lead-acid,48V 95AH,N/A,Green Tiger JR Sprint,Electric Scooter,N/A,Single Disc,Green Tiger,China,N/A,N/A,4-5 Hr,N/A,Automatic Clutch,N/A,N/A,,N/A,N/A,no,N/A,N/A,N/A,N/A,N/A,Single Disc,Double Suspension,N/A,N/A,N/A,N/A,Scooter Type,LED,N/A,led,N/A,N/A,N/A,N/A,0 Bhp @ 0 RPM ,0 NM @ 0 RPM ,0 Kmpl (Approx) ,N/A,N/A,N/A,N/A,Brushless,N/A,N/A,digital,N/A,N/A,,yes,N/A,N/A,Drum Brake,Double Suspension,N/A,98500,Digital,N/A,Single-Seat,digital,Electric,N/A,led,50 Kmph (Approx) ,Auto,tubeless,https://www.bikebd.com/ev/exploit-hammer,N/A,N/A,Alloy,N/A
reverse gear,No,N/A,N/A,lead-acid,48V 95AH,N/A,Green Tiger JR Vive,Electric Scooter,N/A,Single disc,Green Tiger,China,N/A,N/A,4-5 Hr,N/A,Automatic Clutch,N/A,N/A,,N/A,N/A,no,N/A,N/A,N/A,N/A,N/A,Single Disc,Double Suspension,N/A,N/A,N/A,N/A,Scooter Type,LED,N/A,led,N/A,N/A,N/A,N/A,0 Bhp @ 0 RPM ,0 NM @ 0 RPM ,0 Kmpl (Approx) ,N/A,N/A,N/A,N/A,Brushless,N/A,N/A,digital,N/A,N/A,,yes,N/A,N/A,Drum Brake,Double Suspension,N/A,96500,Digital,N/A,Single-Seat,digital,Electric,N/A,led,50 Kmph (Approx) ,Auto,tubeless,https://www.bikebd.com/ev/exploit-hammer,N/A,N/A,Alloy,N/A
N/A,No,N/A,N/A,lead-acid,48V 95AH,N/A,Green Tiger JR Falcon,Electric Scooter,N/A,Single Disc,Green Tiger,China,N/A,Yes,4-5 Hr,N/A,Automatic Clutch,N/A,N/A,,N/A,N/A,yes,N/A,N/A,N/A,N/A,N/A,Single Disc,Double Suspension,N/A,N/A,N/A,N/A,Scooter Type,LED,N/A,led,N/A,N/A,N/A,N/A,0 Bhp @ 0 RPM ,0 NM @ 0 RPM ,0 Kmpl (Approx) ,N/A,N/A,N/A,1000W,Brushless,N/A,N/A,digital,N/A,N/A,,yes,N/A,N/A,Drum Brake,Double Suspension,N/A,97000,Digital,N/A,Single-Seat,digital,Electric,N/A,led,50 Kmph (Approx) ,Auto,tubeless,https://www.bikebd.com/ev/exploit-hammer,N/A,N/A,Alloy,N/A
Reverse gear,No,N/A,N/A,lead-acid,48V 95AH,N/A,Green Tiger JR V2,Electric Scooter,N/A,Single Disc,Green Tiger,N/A,N/A,Yes,4-5 Hr,N/A,Automatic Clutch,N/A,N/A,,N/A,N/A,no,N/A,N/A,N/A,N/A,N/A,Single Disc,Double Suspension,N/A,N/A,N/A,N/A,Scooter Type,LED,N/A,led,N/A,N/A,N/A,N/A,0 Bhp @ 0 RPM ,0 NM @ 0 RPM ,0 Kmpl (Approx) ,N/A,N/A,N/A,1000W,Brushless DC,N/A,N/A,digital,N/A,N/A,,yes,N/A,N/A,Drum Brake,Double Suspension,N/A,96500,Digital,N/A,Single-Seat,digital,Electric,N/A,led,100 Kmph (Approx) ,Auto,tubeless,https://www.bikebd.com/ev/exploit-hammer,N/A,N/A,Alloy,N/A
"Alarm, Three Speed, Water proof motor, Climbing Slop up to 30⁰, Anti- Theft System, Remote Lock & Unlock, Reverse gear system , Automatic Motor Lock/Braking for slope conditions",No,N/A,N/A,Graphene-Battery,60V20Ah,N/A,RYDO Blaze White,Electric Scooter,N/A,Disc Brake,RYDO,China,N/A,Yes,N/A,N/A,Automatic Clutch,N/A,N/A,,N/A,N/A,no,N/A,N/A,N/A,N/A,N/A,Single Disc,Telescopic,3.00-10,N/A,N/A,N/A,Scooter Type,LED,1130 Mm,led,N/A,N/A,150 kg,N/A,0 Bhp @ 0 RPM ,0 NM @ 0 RPM ,0 Kmpl (Approx) ,N/A,N/A,N/A,1000W,N/A,N/A,N/A,digital,1780 Mm,730 Mm,,yes,N/A,N/A,Disc Brake,Hydraulic Shock Absorber,3.00-10,89000,Digital,N/A,Single-Seat,digital,Electric,N/A,led,50 Kmph (Approx) ,Auto,tubeless,https://www.bikebd.com/ev/exploit-hammer,N/A,N/A,Alloy,N/A
"Alarm, Three Speed, Water proof motor, Climbing Slope up to 30⁰, Anti- Theft System, Remote Lock & Unlock, Reverse gear system",No,N/A,N/A,Graphene-Battery,72V20Ah,N/A,RYDO Bolt Pro Black,Electric Scooter,N/A,Disc Brake,RYDO,N/A,N/A,Yes,6-8 Hr,N/A,Automatic Clutch,N/A,N/A,,N/A,N/A,no,N/A,N/A,N/A,N/A,N/A,Single Disc,Hydraulic Suspension,3.00-10,N/A,N/A,N/A,Scooter Type,LED,1030 Mm,led,N/A,N/A,150 kg,N/A,0 Bhp @ 0 RPM ,0 NM @ 0 RPM ,0 Kmpl (Approx) ,N/A,N/A,N/A,1200W,N/A,N/A,N/A,digital,1550 Mm,655 Mm,,yes,N/A,N/A,Disc Brake,Hydraulic Shock Absorber,3.00-10,95000,Digital,N/A,Single-Seat,digital,N/A,N/A,led,60 Kmph (Approx) ,Auto,tubeless,https://www.bikebd.com/ev/exploit-hammer,N/A,N/A,Alloy,N/A
"Alarm, Three Speed, Water proof motor, Climbing Slope up to 30⁰, Anti- Theft System, Remote Lock & Unlock, Reverse gear system",No,N/A,N/A,Graphene-Battery,60V20Ah,N/A,RYDO Bolt Red,Electric Scooter,N/A,Disc Brake,RYDO,N/A,N/A,Yes,6-8 Hr,N/A,Automatic Clutch,N/A,N/A,,N/A,N/A,no,N/A,N/A,N/A,N/A,N/A,Single Disc,Hydraulic Suspension,3.00-10,N/A,N/A,N/A,Scooter Type,LED,1120 Mm,led,N/A,N/A,N/A,N/A,0 Bhp @ 0 RPM ,19.1 NM @ 0 RPM ,0 Kmpl (Approx) ,N/A,N/A,N/A,1000W,N/A,N/A,N/A,digital,1870 Mm,810 Mm,,yes,55-60 km/charge,N/A,Disc Brake,Hydraulic Shock Absorber,3.00-10,89000,Digital,N/A,Single-Seat,digital,N/A,N/A,led,45 Kmph (Approx) ,Auto,tubeless,https://www.bikebd.com/ev/exploit-hammer,N/A,90 kg,Alloy,N/A
N/A,No,Bangladesh,N/A,Graphene-Battery,Info Not Available,N/A,HUAIHAI ECORIDE,Electric Scooter,N/A,Disc Brake,HUAIHAI,China,N/A,Yes,6-8 Hr,N/A,Automatic Clutch,N/A,N/A,,N/A,N/A,Info-Not-Available,N/A,N/A,N/A,N/A,N/A,Single Disc,Hydraulic shock absorption,3.00-10,N/A,N/A,N/A,Scooter Type,LED,N/A,led,N/A,N/A,N/A,China,0 Bhp @ 0 RPM ,0 NM @ 0 RPM ,0 Kmpl (Approx) ,N/A,N/A,N/A,N/A,N/A,N/A,N/A,digital,N/A,N/A,,yes,N/A,N/A,Disc Brake,Double Suspension,3.00-10,97500,Digital,N/A,Single-Seat,digital,Electric,N/A,led,50 Kmph (Approx) ,Auto,tubeless,https://www.bikebd.com/ev/exploit-hammer,N/A,N/A,Alloy,N/A
"Gear’s: 1,2,3 (Three gears)",No,N/A,N/A,lead-acid,72V20Ah,N/A,Exploit Hammer,Electric Scooter,N/A,Disc Brake,Exploit,China,N/A,N/A,6-8 Hr,N/A,Automatic Clutch,N/A,N/A,,N/A,N/A,yes,N/A,N/A,N/A,N/A,N/A,Single Disc,Info not available,120/70/12,N/A,N/A,N/A,Scooter Type,LED,N/A,led,110V/220V,N/A,N/A,China,0 Bhp @ 0 RPM ,0 NM @ 0 RPM ,0 Kmpl (Approx) ,N/A,N/A,N/A,72V1000W,Brushless Motor,N/A,N/A,digital,N/A,N/A,,yes,N/A,N/A,Disc Brake,info not Availlable,120/70/12,125000,Digital,N/A,Single-Seat,digital,Electric,N/A,led,60 Kmph (Approx) ,Auto,tubeless,https://www.bikebd.com/ev/revoo-e52,N/A,115 kg,Alloy,N/A
N/A,No,N/A,N/A,lead-acid,72V20Ah,N/A,Exploit 111/1,Electric Scooter,N/A,Single Disc,Exploit,China,N/A,N/A,6-8 Hr,N/A,Info Not Available,N/A,N/A,,N/A,N/A,yes,N/A,N/A,N/A,N/A,N/A,Single Disc,Info not available,10 inch,N/A,N/A,N/A,Scooter Type,LED,N/A,led,N/A,N/A,N/A,China,0 Bhp @ 0 RPM ,0 NM @ 0 RPM ,0 Kmpl (Approx) ,N/A,N/A,N/A,72V1000W,N/A,N/A,N/A,digital,N/A,N/A,,yes,N/A,N/A,Drum Brake,info not Availlable,10 inch,130000,Digital,N/A,Single-Seat,digital,Electric,N/A,led,60 Kmph (Approx) ,Auto,tubeless,https://www.bikebd.com/ev/revoo-e52,N/A,110 Kg,Alloy,N/A
N/A,No,N/A,N/A,Lithium-ion,12V 60V,N/A,Zijazo M009,Electric Scooter,N/A,Disc Brake,Zijazo,China,N/A,Yes,6-8 Hr,N/A,Automatic Clutch,N/A,N/A,,N/A,N/A,yes,N/A,N/A,N/A,N/A,N/A,Single Disc,Hydraulic shock absorber,300-10,N/A,N/A,N/A,Scooter Type,LED,700 Mm,led,N/A,N/A,N/A,China,0 Bhp @ 0 RPM ,0 NM @ 0 RPM ,0 Kmpl (Approx) ,N/A,N/A,N/A,1200 W,N/A,N/A,N/A,digital,1750 Mm,1300 Mm,,yes,N/A,N/A,Disc Brake,Rerar Thickened Spring Shock Absorber,300-10,N/A,Digital,N/A,Single-Seat,digital,Electric,N/A,led,70 Kmph (Approx) ,Auto,tubeless,https://www.bikebd.com/ev/revoo-e52,N/A,95.5 Kg,Alloy,N/A
N/A,No,N/A,N/A,Lithium-ion,72V 60AH,N/A,Zijazo M003,Electric Scooter,N/A,Disc Brake,Zijazo,China,N/A,Yes,6-8 Hr,N/A,Automatic Clutch,N/A,N/A,,N/A,N/A,yes,N/A,N/A,N/A,N/A,N/A,Single Disc,Hydraulic shock absorber,120/70-12,N/A,N/A,N/A,Scooter Type,LED,700 Mm,led,N/A,N/A,N/A,China,0 Bhp @ 0 RPM ,0 NM @ 0 RPM ,0 Kmpl (Approx) ,N/A,N/A,N/A,3500 W,N/A,N/A,N/A,digital,1820 Mm,1200 Mm,,yes,N/A,N/A,Disc Brake,Rear thickened spring shock absorber,165/55-12,N/A,Digital,N/A,Single-Seat,digital,Electric,N/A,led,110 Kmph (Approx) ,Auto,tubeless,https://www.bikebd.com/ev/revoo-e52,N/A,144 kg,Alloy,N/A
N/A,No,N/A,N/A,lead-acid,12V 20AH,N/A,Zijazo M001,Electric Scooter,N/A,Disc Brake,Zijazo,N/A,N/A,N/A,6-8 Hr,N/A,Automatic Clutch,N/A,N/A,,N/A,N/A,Info-Not-Available,N/A,N/A,N/A,N/A,N/A,Single Disc,Hydraulic shock absorber,3.00-10,N/A,N/A,N/A,Scooter Type,LED,650 Mm,led,N/A,N/A,N/A,N/A,0 Bhp @ 0 RPM ,0 NM @ 0 RPM ,0 Kmpl (Approx) ,N/A,N/A,N/A,1200W,N/A,N/A,N/A,digital,1780 Mm,840 Mm,,yes,N/A,N/A,Disc Brake,Rear thickened spring shock absorber,3.00-10,N/A,Digital,N/A,Single-Seat,digital,Electric,N/A,led,45 Kmph (Approx) ,Auto,tubeless,https://www.bikebd.com/ev/revoo-e52,N/A,93 kg,Alloy,N/A
N/A,No,N/A,N/A,Graphene-Battery,96V 52AH,N/A,Tailg F72 Leopard,Electric Scooter,N/A,Disc Brake,TAILG,N/A,N/A,Yes,6-8 Hr,N/A,Automatic Clutch,N/A,N/A,,N/A,N/A,Info-Not-Available,N/A,N/A,N/A,N/A,N/A,Single Disc,Info Not Available,90/90-12,N/A,N/A,N/A,Scooter Type,LED,1187 Mm,led,N/A,N/A,N/A,N/A,0 Bhp @ 0 RPM ,0 NM @ 0 RPM ,0 Kmpl (Approx) ,N/A,N/A,N/A,3000 W,N/A,N/A,N/A,digital,1976 Mm,741 Mm,,yes,N/A,N/A,Disc Brake,Double Suspension,90/90-12,184990,Digital,780 Mm,Single-Seat,digital,Electric,N/A,led,60 Kmph (Approx) ,Auto,tubeless,https://www.bikebd.com/ev/revoo-e52,N/A,N/A,Alloy,N/A
N/A,No,N/A,N/A,Graphene-Battery,72v 23Ah,N/A,TailG RED RABBIT F52,Electric Scooter,N/A,Disc Brake,TAILG,N/A,N/A,Yes,6-8 Hr,N/A,Automatic Clutch,N/A,N/A,,N/A,N/A,Info-Not-Available,N/A,N/A,N/A,N/A,N/A,Single Disc,Info Not Available,3.00-10,N/A,N/A,N/A,Scooter Type,LED,1155 Mm,led,N/A,N/A,N/A,N/A,0 Bhp @ 0 RPM ,0 NM @ 0 RPM ,0 Kmpl (Approx) ,N/A,N/A,N/A,1200 W,N/A,N/A,N/A,digital,1710 Mm,730 Mm,,yes,N/A,N/A,Disc Brake,Info Not Available,3.00-10,129990,Digital,N/A,Single-Seat,digital,Electric,N/A,led,50 Kmph (Approx) ,Auto,tubeless,https://www.bikebd.com/ev/revoo-e52,N/A,103 Kg,Alloy,1210 Mm
N/A,No,N/A,N/A,Graphene-Battery,72v 23Ah,N/A,TailG GREEN BIRD A1,Electric Scooter,N/A,Single Disc,TAILG,N/A,N/A,Yes,6-8H,N/A,Automatic Clutch,N/A,N/A,,N/A,N/A,Info-Not-Available,N/A,N/A,N/A,N/A,N/A,Single Disc,Info Not Available,3.0-10,N/A,N/A,N/A,Scooter Type,LED,1107 Mm,led,N/A,N/A,N/A,N/A,0 Bhp @ 0 RPM ,0 NM @ 0 RPM ,0 Kmpl (Approx) ,N/A,N/A,N/A,1000 W,N/A,N/A,N/A,digital,1831 Mm,704 Mm,,yes,N/A,N/A,Drum Brake,Info Not Available,3.0-10,112990,Digital,N/A,Single-Seat,digital,Electric,N/A,led,40 Kmph (Approx) ,Auto,tubeless,https://www.bikebd.com/ev/revoo-e52,N/A,N/A,Alloy,1327 Mm
N/A,No,N/A,N/A,Graphene-Battery,72V 38Ah,N/A,WALTON TAKYON FUSION 25FZ,Electric Scooter,N/A,Disc Brake,Walton,China,N/A,N/A,N/A,N/A,Automatic Clutch,N/A,N/A,,N/A,N/A,Info-Not-Available,N/A,N/A,N/A,N/A,N/A,Single Disc,Info Not Available,90/90-12,N/A,N/A,140 Mm,Scooter Type,LED,1180 Mm,led,N/A,N/A,N/A,N/A,0 Bhp @ 0 RPM ,0 NM @ 0 RPM ,0 Kmpl (Approx) ,N/A,N/A,N/A,1.2 kW,DC Brushless,N/A,N/A,digital,1860 Mm,775 Mm,,yes,N/A,N/A,Disc Brake,Info Not Available,90/80-12,187500,Digital,N/A,Single-Seat,digital,Electric,N/A,led,50 Kmph (Approx) ,Auto,tubeless,https://www.bikebd.com/ev/revoo-e52,N/A,140 kg,Alloy,1300 Mm
"NFC unlocking, LED lighting.",No,N/A,N/A,Info-Not-Available,Info Not Available,N/A,Revoo A04,Electric Scooter,N/A,Drum Brakes,REVOO,China,N/A,Yes,N/A,N/A,Automatic Clutch,N/A,N/A,,N/A,N/A,no,N/A,N/A,N/A,N/A,N/A,Drum Brake,Double Suspension,N/A,N/A,N/A,N/A,Pipe handle bar,LED,N/A,led,N/A,N/A,N/A,N/A,0 Bhp @ 0 RPM ,0 NM @ 0 RPM ,0 Kmpl (Approx) ,N/A,2025,N/A,N/A,N/A,N/A,N/A,digital,N/A,N/A,,yes,N/A,N/A,Drum Brake,Double Suspension,N/A,55900,Digital,N/A,Single-Seat,digital,Electric,N/A,led,30 Kmph (Approx) ,Auto,tubeless,https://www.bikebd.com/ev/revoo-e52,N/A,N/A,Alloy,N/A
N/A,No,N/A,N/A,Graphene-Battery,60V 26Ah,N/A,Revoo A11,Electric Scooter,N/A,Drum Brakes,REVOO,China,N/A,Yes,8 Hr,N/A,Automatic Clutch,N/A,N/A,,N/A,N/A,no,N/A,N/A,N/A,N/A,N/A,Drum Brake,Info Not Available,3.00-10,N/A,N/A,N/A,Scooter Type,LED,N/A,led,N/A,N/A,N/A,N/A,0 Bhp @ 0 RPM ,0 NM @ 0 RPM ,0 Kmpl (Approx) ,N/A,N/A,N/A,1000W,N/A,N/A,N/A,digital,N/A,N/A,,yes,N/A,N/A,Drum Brake,Info Not Available,3.00-10,89900,Digital,N/A,Single-Seat,digital,Electric,N/A,led,45 Kmph (Approx) ,Auto,tubeless,https://www.bikebd.com/ev/revoo-e52,N/A,N/A,Alloy,N/A
"LCD Digital Display, LED Lighting System, Keyless Start USB Charging Port ,Anti-theft Alarm",No,N/A,N/A,Graphene-Battery,72v 23Ah,N/A,LUYUAN MYY,Electric Scooter,N/A,Disc Brake,Luyuan,China,N/A,Yes,6-7 Hr,N/A,Automatic Clutch,N/A,N/A,DX New Energy Industries Limited,N/A,N/A,Info-Not-Available,N/A,N/A,N/A,N/A,N/A,Single Disc,Double Suspension,3.00-10,N/A,N/A,N/A,Scooter Type,LED,N/A,led,N/A,N/A,N/A,N/A,0 Bhp @ 0 RPM ,0 NM @ 0 RPM ,0 Kmpl (Approx) ,N/A,N/A,N/A,1200W,Brushless DC,N/A,N/A,digital,N/A,N/A,,yes,80-90 km/charge,N/A,Disc Brake,Double Suspension,3.00-10,139900,Digital,N/A,Single-Seat,digital,Electric,N/A,led,50 Kmph (Approx) ,Auto,tubeless,https://www.bikebd.com/ev/revoo-e52,N/A,104 Kg,Alloy,N/A
N/A,No,N/A,N/A,Graphene-Battery,96V 35AH,N/A,Revoo E52,Electric Scooter,N/A,CBS,REVOO,N/A,N/A,N/A,8-10 Hour,N/A,Automatic Clutch,N/A,N/A,,N/A,N/A,yes,N/A,N/A,N/A,N/A,N/A,Single Disc,Telescopic,120/90-12,N/A,N/A,145 Mm,Conventional,LED,1240 Mm,led,N/A,2025-06-04,N/A,N/A,0 Bhp @ 0 RPM ,0 NM @ 0 RPM ,0 Kmpl (Approx) ,N/A,N/A,N/A,3000 W,N/A,N/A,N/A,digital,1970 Mm,730 Mm,,yes,110 km/charge,N/A,Disc Brake,Hydraulic,120/70-12,225900,Digital,N/A,Single-Seat,digital,Electric,N/A,led,75 Kmph (Approx) ,Auto,tubeless,https://www.bikebd.com/ev/exploit-blaze,N/A,175 KG,Alloy,1380 Mm
"Reverse Gear, Bluetooth Connection, APP Control Traction Control System, Regenerative Braking System",No,N/A,N/A,Graphene-Battery,72V/38AH,N/A,Yadea GT60,Electric Scooter,N/A,Disc Brake,Yadea,N/A,N/A,Yes,N/A,N/A,Automatic Clutch,N/A,N/A,,N/A,N/A,yes,N/A,N/A,N/A,N/A,N/A,Single Disc,Hydraulic shock absorption,3.00-12,N/A,N/A,132 Mm,Scooter Type,LED,1880 Mm,led,N/A,2025-05-25,N/A,N/A,0 Bhp @ 0 RPM ,0 NM @ 0 RPM ,0 Kmpl (Approx) ,N/A,N/A,N/A,1500W,Brushless DC,N/A,N/A,digital,1860 Mm,775 Mm,,yes,N/A,N/A,Disc Brake,Dual Shock Absorber,3.00-10,167000,Digital,N/A,Single-Seat,digital,Electric,N/A,led,55 Kmph (Approx) ,Auto,tubeless,https://www.bikebd.com/ev/exploit-blaze,N/A,N/A,Alloy,1296 Mm
"TTFAR Graphene Battery (3x Battery Life), 32L Ample Storage Space.",No,N/A,N/A,Graphene-Battery,72V38AH,N/A,Yadea 8S200,Electric Scooter,N/A,Disc Brake,Yadea,N/A,N/A,N/A,N/A,N/A,Automatic Clutch,N/A,N/A,,N/A,N/A,yes,N/A,N/A,N/A,N/A,N/A,Single Disc,Hydraulic shock absorption,3.00-10,N/A,N/A,110 Mm,Scooter Type,LED,1165 Mm,led,N/A,2025-05-25,N/A,N/A,0 Bhp @ 0 RPM ,0 NM @ 0 RPM ,0 Kmpl (Approx) ,N/A,N/A,N/A,1000W,DC Brushless,N/A,N/A,digital,1830 Mm,710 Mm,,yes,N/A,N/A,Disc Brake,Dual Shock Absorber,3.00-10,175000,Digital,740 Mm,Single-Seat,digital,Electric,N/A,led,42 Kmph (Approx) ,Auto,tubeless,https://www.bikebd.com/ev/exploit-blaze,N/A,N/A,Alloy,1285 Mm
N/A,No,N/A,N/A,Lithium-ion,72V30Ah,N/A,Yadea Velax,Electric Scooter,N/A,CBS Braking,Yadea,N/A,N/A,N/A,N/A,N/A,Automatic Clutch,N/A,N/A,,N/A,N/A,yes,N/A,N/A,N/A,N/A,N/A,Single Disc,Hydraulic shock absorption,90/90 - 14,N/A,N/A,N/A,Scooter Type,LED,1097 Mm,led,N/A,2025-05-25,N/A,N/A,0 Bhp @ 0 RPM ,0 NM @ 0 RPM ,0 Kmpl (Approx) ,N/A,N/A,N/A,3000W,DC Brushless,N/A,N/A,digital,1944 Mm,704 Mm,,yes,N/A,N/A,Disc Brake,Dual Shock Absorber,100/90-14,247000,Digital,N/A,Single-Seat,digital,N/A,N/A,led,62 Kmph (Approx) ,Auto,tubeless,https://www.bikebd.com/ev/exploit-blaze,N/A,N/A,Alloy,1331 Mm
N/A,No,N/A,N/A,Graphene-Battery,72V 26Ah,N/A,Revoo A12-S,Electric Scooter,N/A,N/A,REVOO,China,N/A,N/A,N/A,N/A,Automatic Clutch,N/A,N/A,,N/A,N/A,yes,N/A,N/A,N/A,N/A,N/A,Single Disc,Hydraulic suspension,3.0-10,N/A,N/A,140 Mm,Scooter Type,LED,1170 Mm,led,N/A,2025-05-19,N/A,N/A,0 Bhp @ 0 RPM ,0 NM @ 0 RPM ,0 Kmpl (Approx) ,N/A,N/A,N/A,1000W,N/A,N/A,N/A,digital,1780 Mm,750 Mm,,yes,N/A,N/A,Drum Brake,Info Not Available,3.0-10,105900,Digital,N/A,Single-Seat,digital,Electric,N/A,led,45 Kmph (Approx) ,Auto,tubeless,https://www.bikebd.com/ev/exploit-blaze,N/A,100.0 kg,Alloy,1265 Mm
N/A,No,N/A,N/A,Graphene-Battery,72V35Ah,N/A,Revoo C32-Y,Electric Scooter,N/A,Disc,REVOO,N/A,N/A,N/A,N/A,N/A,Automatic Clutch,N/A,N/A,,N/A,N/A,yes,N/A,N/A,N/A,N/A,N/A,Single Disc,Info Not Available,N/A,N/A,N/A,N/A,Scooter Type,LED,N/A,led,N/A,2025-03-25,N/A,N/A,0 Bhp @ 0 RPM ,0 NM @ 0 RPM ,0 Kmpl (Approx) ,N/A,N/A,N/A,N/A,N/A,N/A,N/A,digital,N/A,N/A,,yes,N/A,N/A,Disc Brake,Info Not Available,N/A,129900,Digital,N/A,Single-Seat,digital,Electric,N/A,led,55 Kmph (Approx) ,Auto,tubeless,https://www.bikebd.com/ev/exploit-blaze,N/A,N/A,Alloy,N/A
N/A,No,N/A,N/A,Graphene-Battery,"48 V, 20 Ah",N/A,EZ GO Cruiser,Electric Scooter,N/A,Single Disc,EZ-GO,N/A,N/A,N/A,6-8 Hr,N/A,Automatic Clutch,N/A,N/A,,N/A,N/A,Info-Not-Available,N/A,N/A,N/A,N/A,N/A,Single Disc,Hydraulic Shock,16-2.5,N/A,N/A,N/A,Scooter Type,LED,N/A,led,N/A,N/A,N/A,N/A,0 Bhp @ 0 RPM ,0 NM @ 0 RPM ,0 Kmpl (Approx) ,N/A,N/A,N/A,450W,N/A,N/A,N/A,digital,N/A,N/A,,yes,N/A,N/A,Drum Brake,Dual Shock Absorber,16-2.5,85888,Digital,N/A,Single-Seat,digital,Electric,N/A,led,45 Kmph (Approx) ,Auto,tubeless,https://www.bikebd.com/ev/exploit-blaze,N/A,N/A,Alloy,N/A
N/A,No,N/A,N/A,Graphene-Battery,72V32Ah,N/A,EZ GO Xplorer,Electric Scooter,N/A,Disc Brake,EZ-GO,N/A,N/A,Yes,7-9 Hr,N/A,Automatic Clutch,N/A,N/A,,N/A,N/A,Info-Not-Available,N/A,N/A,N/A,N/A,N/A,Single Disc,Info Not Available,90/80-12,N/A,N/A,N/A,Scooter Type,LED,N/A,led,72V 4.5A,N/A,N/A,N/A,0 Bhp @ 0 RPM ,0 NM @ 0 RPM ,0 Kmpl (Approx) ,N/A,N/A,N/A,1500W,N/A,N/A,N/A,digital,N/A,N/A,,yes,N/A,N/A,Disc Brake,Info Not Available,90/80-12,123888,Digital,N/A,Single-Seat,digital,Electric,N/A,led,55 Kmph (Approx) ,Manual,tubeless,https://www.bikebd.com/ev/exploit-blaze,N/A,N/A,Alloy,N/A
"Burglar Alarm, USB Charging Port",No,N/A,N/A,Graphene-Battery,72V20Ah,N/A,EZ GO HUNTER,Electric Scooter,N/A,Single Disc,EZ-GO,China,N/A,Yes,6-8 Hr,N/A,Info Not Available,N/A,N/A,,N/A,N/A,yes,N/A,N/A,N/A,N/A,N/A,Single Disc,Hydraulic,3.0-10,N/A,N/A,N/A,Scooter Type,LED,N/A,led,72V3A,N/A,N/A,China,0 Bhp @ 0 RPM ,0 NM @ 0 RPM ,0 Kmpl (Approx) ,N/A,N/A,N/A,1500W,N/A,N/A,N/A,digital,N/A,N/A,,yes,N/A,N/A,Drum Brake,Dual Shock Absorber,3.0-10,108888,Digital,N/A,Single-Seat,digital,Electric,N/A,led,55 Kmph (Approx) ,Auto,tubeless,https://www.bikebd.com/ev/exploit-blaze,N/A,N/A,Alloy Wheels,N/A
N/A,No,N/A,N/A,Graphene-Battery,60V 23Ah,N/A,EZ GO FAMILY,Electric Scooter,N/A,N/A,EZ-GO,China,N/A,Yes,N/A,N/A,Automatic Clutch,N/A,N/A,,N/A,N/A,Info-Not-Available,N/A,N/A,N/A,N/A,N/A,Single Disc,Hydraulic Suspension,N/A,N/A,N/A,N/A,Scooter Type,LED,N/A,led,60V 3A,N/A,N/A,China,0 Bhp @ 0 RPM ,0 NM @ 0 RPM ,0 Kmpl (Approx) ,N/A,N/A,N/A,650W,N/A,N/A,N/A,digital,N/A,N/A,,yes,N/A,N/A,Drum Brake,Info Not Available,N/A,139888,Digital,N/A,Single-Seat,digital,Electric,N/A,led,40 Kmph (Approx) ,Auto,tubeless,https://www.bikebd.com/ev/exploit-blaze,N/A,N/A,Alloy,N/A
N/A,No,N/A,N/A,Graphene-Battery,72V / 26Ah,N/A,AIMA A511,Electric Scooter,N/A,Disc Brake,AIMA,China,N/A,Yes,6-8 hours,N/A,Automatic Clutch,N/A,N/A,DX New Energy Industries Limited,Hub Motor,N/A,yes,N/A,N/A,N/A,N/A,N/A,Single Disc,Double Suspension,3.00-10,N/A,N/A,N/A,Scooter Type,LED,N/A,led,72V35A,2024-10-19,N/A,China,0 Bhp @ 0 RPM ,0 NM @ 0 RPM ,0 Kmpl (Approx) ,N/A,N/A,N/A,1000W,Brushless DC,N/A,N/A,digital,N/A,N/A,,yes,N/A,N/A,Disc Brake,Double Suspension,3.00-10,134900,Digital,N/A,Single-Seat,digital,Electric,N/A,led,52 Kmph (Approx) ,Auto,tubeless,https://www.bikebd.com/ev/exploit-blaze,N/A,103kg,Alloy,N/A
"Alarm, Three Speed, Water proof motor, Climbing Slop 30⁰, Anti- Theft System, Remote Lock & Unlock, Reverse gear system.",No,N/A,N/A,Info-Not-Available,72V 20AH,N/A,RYDO Blaze Pro Silver,Electric Scooter,N/A,Disc Brake,RYDO,N/A,N/A,Yes,6-8 Hours,N/A,Automatic Clutch,N/A,N/A,,N/A,N/A,no,N/A,N/A,N/A,N/A,N/A,Single Disc,Hydraulic suspension,3.00/10,N/A,N/A,N/A,Scooter Type,LED,1130 Mm,led,N/A,N/A,N/A,N/A,0 Bhp @ 0 RPM ,0 NM @ 0 RPM ,0 Kmpl (Approx) ,N/A,N/A,N/A,1500W,N/A,N/A,N/A,digital,1780 Mm,730 Mm,,yes,N/A,N/A,Disc Brake,Hydraulic Shock Absorbers,3.00/10,105000,Digital,N/A,Single-Seat,digital,Electric,N/A,led,55 Kmph (Approx) ,Auto,tubeless,https://www.bikebd.com/ev/exploit-blaze,N/A,96 Kg,Alloy,N/A
N/A,No,N/A,N/A,lead-acid,60V20Ah,N/A,Exploit  Blaze,Electric Scooter,N/A,N/A,Exploit,N/A,N/A,N/A,6-8 Hr,N/A,Automatic Clutch,N/A,N/A,,Belt Drive,N/A,yes,N/A,N/A,N/A,N/A,N/A,Single Disc,Info Not Available,3/50/10,N/A,N/A,N/A,Scooter Type,LED,N/A,led,N/A,N/A,N/A,N/A,0 Bhp @ 0 RPM ,0 NM @ 0 RPM ,0 Kmpl (Approx) ,N/A,N/A,N/A,1000W,Brushless,N/A,N/A,digital,N/A,N/A,,yes,N/A,N/A,Drum Brake,Info Not Available,3/50/10,96000,Digital,N/A,Single-Seat,digital,Electric,N/A,led,78 Kmph (Approx) ,Auto,tubeless,https://www.bikebd.com/ev/i-am-sport,N/A,106 kg,Alloy,N/A
N/A,No,N/A,N/A,lead-acid,72V20Ah,N/A,Exploit Mega,Electric Scooter,N/A,N/A,Exploit,N/A,N/A,N/A,6-8 Hr,N/A,Automatic Clutch,N/A,N/A,,Belt Drive,N/A,yes,N/A,N/A,N/A,N/A,N/A,Single Disc,Info Not Available,120/70-12,N/A,N/A,N/A,Scooter Type,LED,N/A,led,110V/220V,N/A,N/A,N/A,0 Bhp @ 0 RPM ,0 NM @ 0 RPM ,0 Kmpl (Approx) ,N/A,N/A,N/A,72V1000W,Brushless,N/A,N/A,digital,N/A,N/A,,yes,N/A,N/A,Disc Brake,Info Not Available,120/70-12,120000,Digital,N/A,Single-Seat,digital,Electric,N/A,led,60 Kmph (Approx) ,Auto,tubeless,https://www.bikebd.com/ev/i-am-sport,N/A,116 kg,Alloy,N/A
N/A,No,N/A,N/A,lead-acid,60V20Ah,N/A,Exploit Thunder,Electric Scooter,N/A,Single Disc,Exploit,N/A,N/A,N/A,N/A,N/A,Automatic Clutch,N/A,N/A,,N/A,N/A,Info-Not-Available,N/A,N/A,N/A,N/A,N/A,Single Disc,Info Not Available,3/50-10,N/A,N/A,N/A,Scooter Type,LED,N/A,led,N/A,N/A,N/A,N/A,0 Bhp @ 0 RPM ,0 NM @ 0 RPM ,0 Kmpl (Approx) ,N/A,N/A,N/A,60V1000W,Brushless,N/A,N/A,digital,N/A,N/A,,yes,N/A,N/A,Drum Brake,Info Not Available,3/50-10,94000,Digital,N/A,Single-Seat,digital,Electric,N/A,led,60 Kmph (Approx) ,Auto,tubeless,https://www.bikebd.com/ev/i-am-sport,N/A,116 kg,Alloy,N/A
N/A,No,N/A,N/A,lead-acid,60V20Ah,N/A,Exploit 3043 Plus,Electric Scooter,N/A,N/A,Exploit,N/A,N/A,N/A,6-8 Hr,N/A,Automatic Clutch,N/A,N/A,,N/A,N/A,Info-Not-Available,N/A,N/A,N/A,N/A,N/A,Single Disc,Info Not Available,3/50-10,N/A,N/A,N/A,Scooter Type,LED,N/A,led,110V/220V,N/A,N/A,N/A,0 Bhp @ 0 RPM ,0 NM @ 0 RPM ,0 Kmpl (Approx) ,N/A,N/A,N/A,60V1000W,Brushless,N/A,N/A,digital,N/A,N/A,,yes,N/A,N/A,Drum Brake,Info Not Available,3/50-10,110000,Digital,N/A,Single-Seat,digital,Electric,N/A,led,60 Kmph (Approx) ,Auto,tubeless,https://www.bikebd.com/ev/i-am-sport,N/A,120 Kg,Alloy,N/A
N/A,No,N/A,N/A,Graphene-Battery,72V 26Ah,N/A,Revoo C32,Electric Scooter,N/A,Disc Brake,REVOO,N/A,N/A,N/A,N/A,N/A,Automatic Clutch,N/A,N/A,,N/A,N/A,yes,N/A,N/A,N/A,N/A,N/A,Single Disc,Info Not Available,N/A,N/A,N/A,N/A,Scooter Type,LED,N/A,led,N/A,2025-03-25,N/A,N/A,0 Bhp @ 0 RPM ,0 NM @ 0 RPM ,0 Kmpl (Approx) ,N/A,N/A,N/A,1800W,N/A,N/A,N/A,digital,N/A,N/A,,yes,N/A,N/A,Disc Brake,Info Not Available,N/A,139900,Digital,N/A,Single-Seat,digital,Electric,N/A,led,60 Kmph (Approx) ,Auto,tubeless,https://www.bikebd.com/ev/i-am-sport,N/A,140 Kg,Alloy,N/A
N/A,No,N/A,N/A,lead-acid,30AH 12V,N/A,EVE E-Scooter,Electric Scooter,N/A,N/A,Eve Motors,N/A,N/A,N/A,3-5 Hr,N/A,Automatic Clutch,N/A,N/A,,N/A,N/A,yes,N/A,N/A,N/A,N/A,N/A,Single Disc,Info Not Available,N/A,N/A,N/A,N/A,Scooter Type,LED,N/A,led,N/A,N/A,N/A,N/A,0 Bhp @ 0 RPM ,0 NM @ 0 RPM ,0 Kmpl (Approx) ,N/A,N/A,N/A,N/A,N/A,N/A,N/A,digital,N/A,N/A,,yes,N/A,N/A,Disc Brake,Info Not Available,N/A,85000,Digital,N/A,Single-Seat,digital,Electric,N/A,led,75 Kmph (Approx) ,Auto,tubeless,https://www.bikebd.com/ev/i-am-sport,N/A,N/A,Alloy,N/A
N/A,Yes,N/A,N/A,lead-acid,30AH 12V,N/A,EVE E-Motorcycle,Electric BIke,N/A,N/A,Eve Motors,N/A,N/A,N/A,3-5 Hr,N/A,Automatic Clutch,N/A,N/A,,N/A,N/A,Info-Not-Available,N/A,N/A,N/A,N/A,N/A,Single Disc,Info Not Available,N/A,N/A,N/A,N/A,Pipe handle bar,LED,N/A,led,N/A,N/A,N/A,N/A,0 Bhp @ 0 RPM ,0 NM @ 0 RPM ,0 Kmpl (Approx) ,N/A,N/A,N/A,3000W,N/A,N/A,N/A,digital,N/A,N/A,,yes,N/A,N/A,Disc Brake,Info Not Available,N/A,95000,Digital,N/A,Single-Seat,digital,Electric,N/A,led,110 Kmph (Approx) ,Auto,tubeless,https://www.bikebd.com/ev/i-am-sport,N/A,N/A,Alloy,N/A
N/A,No,N/A,N/A,Lithium-ion,72V20Ah,N/A,Falcon XN3000,Electric Scooter,N/A,Disc Brake,Falcon,N/A,N/A,N/A,N/A,N/A,Automatic Clutch,N/A,N/A,,N/A,N/A,yes,N/A,N/A,N/A,N/A,N/A,Single Disc,Info Not Available,N/A,N/A,N/A,N/A,Scooter Type,LED,N/A,led,N/A,N/A,N/A,N/A,0 Bhp @ 0 RPM ,0 NM @ 0 RPM ,0 Kmpl (Approx) ,N/A,N/A,N/A,3000W,N/A,N/A,N/A,digital,N/A,N/A,,yes,N/A,N/A,Disc Brake,Info Not Available,N/A,145000,Digital,N/A,Single-Seat,digital,Electric,N/A,led,60 Kmph (Approx) ,Auto,tubeless,https://www.bikebd.com/ev/i-am-sport,N/A,N/A,Alloy,N/A
N/A,No,N/A,N/A,Graphene-Battery,72V20Ah,N/A,Falcon XN1200,Electric Scooter,N/A,Disc Brake,Falcon,N/A,N/A,N/A,N/A,N/A,Automatic Clutch,N/A,N/A,,N/A,N/A,yes,N/A,N/A,N/A,N/A,N/A,Single Disc,Info Not Available,N/A,N/A,N/A,N/A,Scooter Type,LED,N/A,led,N/A,N/A,N/A,N/A,0 Bhp @ 0 RPM ,0 NM @ 0 RPM ,0 Kmpl (Approx) ,N/A,N/A,N/A,1200W,N/A,N/A,N/A,digital,N/A,N/A,,yes,N/A,N/A,Disc Brake,Info Not Available,N/A,145000,Digital,N/A,Single-Seat,digital,Electric,N/A,led,40 Kmph (Approx) ,Manual,tubeless,https://www.bikebd.com/ev/i-am-sport,N/A,N/A,Alloy,N/A
N/A,No,N/A,N/A,Lithium-ion,72V20Ah,N/A,Falcon DX1200 DT,Electric Scooter,N/A,Disc Brake,Falcon,N/A,N/A,N/A,N/A,N/A,Automatic Clutch,N/A,N/A,,N/A,N/A,yes,N/A,N/A,N/A,N/A,N/A,Single Disc,Info Not Available,N/A,N/A,N/A,N/A,Scooter Type,LED,N/A,led,N/A,N/A,N/A,N/A,0 Bhp @ 0 RPM ,0 NM @ 0 RPM ,0 Kmpl (Approx) ,N/A,N/A,N/A,1200W,N/A,N/A,N/A,Info-Not-Available,N/A,N/A,,Info-Not-Available,N/A,N/A,Disc Brake,Info Not Available,N/A,115000,Digital,N/A,Single-Seat,digital,Electric,N/A,led,40 Kmph (Approx) ,Auto,tubeless,https://www.bikebd.com/ev/i-am-sport,N/A,N/A,Alloy,N/A
N/A,No,N/A,N/A,Lithium-ion,60V20Ah,N/A,Falcon M8,Electric BIke,N/A,Disc Brake,Falcon,N/A,N/A,N/A,N/A,N/A,Automatic Clutch,N/A,N/A,,N/A,N/A,yes,N/A,N/A,N/A,N/A,N/A,Single Disc,Info Not Available,N/A,N/A,N/A,N/A,Pipe handle bar,LED,N/A,led,N/A,N/A,N/A,N/A,0 Bhp @ 0 RPM ,0 NM @ 0 RPM ,0 Kmpl (Approx) ,N/A,N/A,N/A,2000,N/A,N/A,N/A,digital,N/A,N/A,,no,N/A,N/A,Disc Brake,Info Not Available,N/A,160000,Digital,N/A,Single-Seat,digital,Electric,N/A,led,50 Kmph (Approx) ,Auto,tubeless,https://www.bikebd.com/ev/i-am-sport,N/A,N/A,Alloy,N/A
N/A,No,N/A,N/A,Lithium-ion,72V20Ah,N/A,BGB M7,Electric Scooter,N/A,Single Disc,BGB,N/A,N/A,N/A,N/A,N/A,Automatic Clutch,N/A,N/A,BGB Electric Vehicle BD,N/A,N/A,yes,N/A,N/A,N/A,N/A,N/A,Single Disc,Info Not Available,3.0-8,N/A,N/A,N/A,Scooter Type,LED,1120 Mm,led,N/A,N/A,N/A,N/A,0 Bhp @ 0 RPM ,0 NM @ 0 RPM ,0 Kmpl (Approx) ,N/A,N/A,N/A,1500W,N/A,N/A,N/A,digital,1800 Mm,750 Mm,,yes,N/A,N/A,Drum Brake,Hydraulic,3.0-8,135000,Digital,N/A,Single-Seat,digital,N/A,N/A,led,50 Kmph (Approx) ,Auto,tubeless,https://www.bikebd.com/ev/i-am-sport,N/A,N/A,Alloy,1340 Mm
N/A,No,N/A,N/A,Info-Not-Available,60V 30 Ah,N/A,I-AM SPORT,Electric Scooter,N/A,N/A,I-am,N/A,N/A,N/A,N/A,Steel,Info Not Available,N/A,N/A,,N/A,N/A,Info-Not-Available,N/A,N/A,N/A,N/A,N/A,Single Disc,Sport Type,N/A,N/A,N/A,N/A,Scooter Type,12V LED Headlight,N/A,led,N/A,N/A,N/A,N/A,0 Bhp @ 0 RPM ,0 NM @ 0 RPM ,0 Kmpl (Approx) ,N/A,N/A,N/A,1000W Brushless rear motor,Rear Hub Motor,N/A,N/A,Info-Not-Available,N/A,N/A,,yes,N/A,N/A,Disc Brake,Shock Absorber,N/A,120000,Info-Not-Available,N/A,Single-Seat,Info-Not-Available,Electric,N/A,led,60 Kmph (Approx) ,Auto,tubeless,https://www.bikebd.com/ev/revoo-a01,N/A,N/A,Alloy,N/A
N/A,No,N/A,N/A,Lithium-ion,48V 12Ah,N/A,I-AM ELECTRICA,Electric Scooter,N/A,N/A,I-am,N/A,N/A,N/A,N/A,N/A,Info Not Available,N/A,N/A,,N/A,N/A,Info-Not-Available,N/A,N/A,N/A,N/A,N/A,Single Disc,Sport Type,2.50×14,N/A,N/A,N/A,Scooter Type,12V LED Headlight,N/A,led,N/A,N/A,N/A,N/A,0 Bhp @ 0 RPM ,0 NM @ 0 RPM ,0 Kmpl (Approx) ,N/A,N/A,N/A,350-Watt Brushless Rear Motor,Rear Hub Motor,N/A,N/A,digital,N/A,N/A,,yes,N/A,N/A,Disc Brake,Shock Absorber,2.50×14,60000,Digital,N/A,Single-Seat,digital,Electric,N/A,led,30 Kmph (Approx) ,Auto,tubeless,https://www.bikebd.com/ev/revoo-a01,N/A,N/A,Alloy,N/A
"LCD Digital Display, LED Lighting System, Keyless Start USB Charging Port ,Anti-theft Alarm",No,N/A,N/A,Graphene-Battery,60V 22AH,N/A,AIMA Q613,Electric Scooter,N/A,Drum Brakes,AIMA,China,N/A,Yes,6-8 hours,N/A,Automatic Clutch,N/A,N/A,DX New Energy Industries Limited,Hub Motor,N/A,yes,N/A,N/A,N/A,N/A,N/A,Drum Brake,Double Suspension,3.00-10,N/A,N/A,N/A,Scooter Type,LED,N/A,led,N/A,2024-10-19,N/A,China,0 Bhp @ 0 RPM ,0 NM @ 0 RPM ,0 Kmpl (Approx) ,N/A,N/A,N/A,800W,Brushless DC,N/A,N/A,digital,N/A,N/A,,yes,N/A,N/A,Drum Brake,Double Suspension,3.00-10,119000,Digital,N/A,Single-Seat,digital,Electric,N/A,led,52 Kmph (Approx) ,Auto,tubeless,https://www.bikebd.com/ev/revoo-a01,N/A,92 kg,Alloy,N/A
"LCD Digital Display, LED Lighting System, Keyless Start USB Charging Port ,Anti-theft Alarm",No,N/A,N/A,Graphene-Battery,72v 23Ah,N/A,LUYUAN MOK,Electric Scooter,N/A,Single Disc,Luyuan,China,N/A,Yes,6-8 hours,N/A,Automatic Clutch,N/A,N/A,DX New Energy Industries Limited,N/A,N/A,yes,N/A,N/A,N/A,N/A,N/A,Disc Brake,Double Suspension,3.00-10,N/A,N/A,N/A,Scooter Type,LED,N/A,led,N/A,N/A,N/A,N/A,0 Bhp @ 0 RPM ,0 NM @ 0 RPM ,0 Kmpl (Approx) ,N/A,N/A,N/A,800W,Real HUB Motor,N/A,N/A,digital,N/A,N/A,,yes,80-95 km/charge,N/A,Drum Brake,Double Suspension,3.00-10,144900,Digital,N/A,Single-Seat,digital,Electric,N/A,led,45 Kmph (Approx) ,Auto,tubeless,https://www.bikebd.com/ev/revoo-a01,N/A,84 kg,Alloy,N/A
N/A,No,N/A,N/A,Graphene-Battery,48V 26Ah,N/A,Revoo A10,Electric Scooter,N/A,N/A,REVOO,N/A,N/A,N/A,9.5 H,N/A,Automatic Clutch,N/A,N/A,,N/A,N/A,Info-Not-Available,N/A,N/A,N/A,N/A,N/A,Drum Brake,Hydraulic Suspension,2.5-10,N/A,N/A,140 Mm,Scooter Type,LED,1080 Mm,led,N/A,2025-03-08,N/A,N/A,0 Bhp @ 0 RPM ,0 NM @ 0 RPM ,0 Kmpl (Approx) ,N/A,2025,N/A,800W,N/A,N/A,N/A,digital,1680 Mm,680 Mm,,yes,N/A,N/A,Drum Brake,Hydraulic Suspension,2.5-10,79900,Digital,N/A,Single-Seat,digital,Electric,N/A,led,40 Kmph (Approx) ,Auto,tubeless,https://www.bikebd.com/ev/revoo-a01,N/A,75 KG,Alloy,1220 Mm
N/A,No,N/A,N/A,Graphene-Battery,60V 24Ah,N/A,Revoo A12,Electric Scooter,N/A,N/A,REVOO,N/A,N/A,N/A,10.6 Hr,N/A,Automatic Clutch,N/A,N/A,,N/A,N/A,yes,N/A,N/A,N/A,N/A,N/A,Disc Brake,Hydraulic suspension,3.0-10,N/A,N/A,140 Mm,Scooter Type,LED,1170 Mm,led,N/A,2025-03-08,N/A,N/A,0 Bhp @ 0 RPM ,0 NM @ 0 RPM ,0 Kmpl (Approx) ,N/A,2025,N/A,1000 W,N/A,N/A,N/A,digital,1780 Mm,750 Mm,,yes,N/A,N/A,Drum Brake,Hydraulic suspension,3.0-10,99900,Digital,N/A,Single-Seat,digital,Electric,N/A,led,47 Kmph (Approx) ,Auto,tubeless,https://www.bikebd.com/ev/revoo-a01,N/A,100.0 kg,Alloy,1265 Mm
N/A,No,N/A,N/A,Graphene-Battery,60V 23Ah,N/A,Tailg MENGSU R30,Electric Scooter,N/A,N/A,TAILG,N/A,N/A,N/A,6-8H,N/A,Automatic Clutch,N/A,N/A,,N/A,N/A,Info-Not-Available,N/A,N/A,N/A,N/A,N/A,Single Disc,Info Not Available,80/90-10,N/A,N/A,N/A,Scooter Type,LED,714 Mm,led,N/A,2025-05-24,N/A,N/A,0 Bhp @ 0 RPM ,0 NM @ 0 RPM ,0 Kmpl (Approx) ,N/A,N/A,N/A,1000W,N/A,N/A,N/A,digital,1727 Mm,1051 Mm,,yes,N/A,N/A,Drum Brake,Info Not Available,80/90-10,109990,Digital,710 Mm,Single-Seat,digital,Electric,N/A,led,45 Kmph (Approx) ,Auto,tubeless,https://www.bikebd.com/ev/revoo-a01,N/A,94kg,Alloy,1225 Mm
N/A,No,N/A,N/A,Graphene-Battery,72V 35Ah,N/A,Tailg SAIBEI F71,Electric Scooter,N/A,N/A,TAILG,N/A,N/A,N/A,6-8 Hr,N/A,Automatic Clutch,N/A,N/A,,N/A,N/A,Info-Not-Available,N/A,N/A,N/A,N/A,N/A,Single Disc,Info Not Available,90/80-11,N/A,N/A,N/A,Scooter Type,LED,723 Mm,led,N/A,2025-05-24,N/A,N/A,0 Bhp @ 0 RPM ,0 NM @ 0 RPM ,0 Kmpl (Approx) ,N/A,N/A,N/A,1500,N/A,N/A,N/A,digital,1772 Mm,1152 Mm,,yes,N/A,N/A,Disc Brake,Info Not Available,90/80-11,149990,Digital,720 Mm,Single-Seat,digital,Electric,N/A,led,55 Kmph (Approx) ,Auto,tubeless,https://www.bikebd.com/ev/revoo-a01,N/A,105 kg,Alloy,1360 Mm
"Three Speed Shift, Single Support Power off & USB Charging Function.",Yes,N/A,N/A,Graphene-Battery,72V 40AH,N/A,HUAIHAI Sparky (Graphene),Electric Scooter,N/A,N/A,HUAIHAI,N/A,N/A,Yes,N/A,N/A,Automatic Clutch,N/A,N/A,Namss Motor ltd,Belt Drive,N/A,yes,N/A,N/A,N/A,Yes (72V6A),220 mm,Single Disc,Info Not Available,90/80-12,N/A,N/A,160 Mm,Scooter Type,LED,1190 Mm,led,N/A,N/A,N/A,N/A,0 Bhp @ 0 RPM ,0 NM @ 0 RPM ,0 Kmpl (Approx) ,N/A,N/A,N/A,1500W,N/A,N/A,N/A,digital,1995 Mm,750 Mm,,yes,N/A,220 mm,Disc Brake,Hydraulic Shock Absorber,90/80-12,142900,Digital,N/A,Single-Seat,digital,Electric,N/A,led,70 Kmph (Approx) ,Auto,tubeless,https://www.bikebd.com/ev/revoo-a01,N/A,146.17 KG,Alloy,1450 Mm
"USB Charging Port , Three Speed Shift",Yes,N/A,N/A,Graphene-Battery,72V35Ah,N/A,HUAIHAI E-Thunder,Electric Scooter,N/A,N/A,HUAIHAI,N/A,N/A,N/A,N/A,N/A,Automatic Clutch,N/A,N/A,Namss Motor ltd,N/A,N/A,yes,N/A,N/A,N/A,Yes (72V6A),220 mm,Single Disc,Info Not Available,90/80-12,N/A,N/A,175 Mm,Scooter Type,LED,1180 Mm,led,N/A,N/A,N/A,N/A,0 Bhp @ 0 RPM ,0 NM @ 0 RPM ,0 Kmpl (Approx) ,N/A,N/A,N/A,1200 W,N/A,N/A,N/A,digital,1940 Mm,750 Mm,,yes,N/A,220 mm,Disc Brake,Hydraulic Shock Absorber,90/80-12,124900,Digital,N/A,Single-Seat,digital,Electric,N/A,led,55 Kmph (Approx) ,Manual,tubeless,https://www.bikebd.com/ev/revoo-a01,N/A,131.25 Kg,Alloy,1380 Mm
"Three Speed Shift, Single Support Power off & USB Charging Function.",Yes,N/A,N/A,Lithium-ion,72V 40AH,N/A,HUAIHAI Sparky (Lithium),Electric Scooter,N/A,Single Disc,HUAIHAI,N/A,N/A,N/A,N/A,N/A,Automatic Clutch,N/A,N/A,Namss Motor ltd,N/A,N/A,yes,N/A,N/A,N/A,Yes (72V6A),220,Single Disc,Info Not Available,90/80-12,N/A,N/A,160 Mm,Scooter Type,LED,1190 Mm,led,N/A,N/A,N/A,N/A,0 Bhp @ 0 RPM ,0 NM @ 0 RPM ,0 Kmpl (Approx) ,N/A,N/A,N/A,1500 W,N/A,N/A,N/A,digital,1995 Mm,750 Mm,,yes,N/A,220 mm,Disc Brake,Hydraulic Shock Absorber,90/80-12,173900,Digital,N/A,Single-Seat,digital,Electric,N/A,led,70 Kmph (Approx) ,Auto,tubeless,https://www.bikebd.com/ev/revoo-a01,N/A,146.17 KG,Alloy,1450 Mm
N/A,No,N/A,N/A,lead-acid,48V 12Ah,N/A,Exploit – Dreamer,Electric Scooter,N/A,Single Disc,Exploit,N/A,N/A,N/A,6-8 Hr,N/A,Automatic Clutch,N/A,N/A,,N/A,N/A,yes,N/A,N/A,N/A,N/A,N/A,Single Disc,Info Not Available,8 inch,N/A,N/A,N/A,Scooter Type,LED,N/A,led,N/A,N/A,N/A,N/A,0 Bhp @ 0 RPM ,0 NM @ 0 RPM ,0 Kmpl (Approx) ,N/A,N/A,N/A,48V350W,Brushless,N/A,N/A,digital,N/A,N/A,,yes,N/A,N/A,Drum Brake,Info Not Available,8 inch,72000,Digital,N/A,Single-Seat,digital,Electric,N/A,led,35 Kmph (Approx) ,Auto,tubeless,https://www.bikebd.com/ev/revoo-a01,N/A,116 kg,Alloy,N/A
N/A,No,N/A,N/A,Graphene-Battery,60V 21Ah,N/A,Revoo A01,Electric Scooter,N/A,Single Disc,REVOO,N/A,N/A,N/A,6-7 Hr,N/A,Automatic Clutch,N/A,N/A,,N/A,N/A,yes,N/A,N/A,Electric Motor,N/A,N/A,Disc Brake,Hydraulic Suspension,75/100-10,N/A,N/A,120 Mm,Conventional,LED,1130 Mm,led,N/A,2024-09-23,N/A,N/A,0 Bhp @ 0 RPM ,0 NM @ 0 RPM ,0 Kmpl (Approx) ,N/A,N/A,N/A,1000W,N/A,N/A,N/A,digital,1700 Mm,720 Mm,,yes,N/A,N/A,Drum Brake,Hydraulic Suspension,75/100-10,99900,Info-Not-Available,N/A,Single-Seat,digital,Electric,N/A,led,45 Kmph (Approx) ,Auto,tubeless,https://www.bikebd.com/ev/lectrix-ev-sx25,N/A,75 KG,Alloy,1200 Mm
N/A,No,N/A,N/A,Graphene-Battery,72V 35Ah,N/A,Revoo C03,Electric Scooter,N/A,CBS Braking,REVOO,N/A,N/A,72V 7A,6-7h,N/A,Automatic Clutch,N/A,N/A,,N/A,N/A,Info-Not-Available,N/A,N/A,Electric Motor,Yes,N/A,Single Disc,Hydrolic Suspension,110/70-12,N/A,N/A,165 Mm,Scooter Type,LED,1110 Mm,led,N/A,2025-01-13,N/A,N/A,0 Bhp @ 0 RPM ,0 NM @ 0 RPM ,0 Kmpl (Approx) ,N/A,N/A,N/A,2000W,N/A,N/A,N/A,digital,1815 Mm,755 Mm,,yes,N/A,N/A,Disc Brake,Hydrolic Suspension,110/70-12,199900,Info-Not-Available,N/A,Single-Seat,digital,Electric,N/A,led,70 Kmph (Approx) ,Auto,tubeless,https://www.bikebd.com/ev/lectrix-ev-sx25,N/A,144 KG,Alloy,1340 Mm
N/A,No,N/A,N/A,lead-acid,60V20Ah,N/A,Exploit Babui 3,Electric Scooter,N/A,Single Disc,Exploit,N/A,N/A,N/A,6-8 Hours,N/A,Automatic Clutch,N/A,N/A,,N/A,N/A,Info-Not-Available,N/A,N/A,N/A,N/A,N/A,Disc Brake,Telescopic,3.50-10,N/A,N/A,N/A,Conventional,LED,N/A,led,110V/220V,N/A,N/A,N/A,0 Bhp @ 0 RPM ,0 NM @ 0 RPM ,0 Kmpl (Approx) ,N/A,N/A,N/A,1000W,Brushless Motor,N/A,N/A,digital,N/A,N/A,,yes,N/A,N/A,Drum Brake,Dual Shock Absorber,3.50-10,105000,Digital,N/A,Single-Seat,digital,Electric,N/A,led,60 Kmph (Approx) ,Auto,tubeless,https://www.bikebd.com/ev/lectrix-ev-sx25,N/A,116 kg,Alloy,N/A
N/A,No,N/A,N/A,lead-acid,60V/20AH,N/A,Exploit Babui,Electric Scooter,N/A,Single Disc,Exploit,N/A,N/A,N/A,6~8H,N/A,Automatic Clutch,N/A,N/A,,N/A,N/A,Info-Not-Available,N/A,N/A,Electric Motor,N/A,N/A,Hydraulic Disc,Telescopic,3.50-10,N/A,N/A,N/A,Conventional,LED,N/A,led,110V/220V,N/A,N/A,N/A,0 Bhp @ 0 RPM ,0 NM @ 0 RPM ,0 Kmpl (Approx) ,N/A,N/A,N/A,60V1000W,Brushless Motor,N/A,N/A,digital,N/A,N/A,,yes,N/A,N/A,Drum Brake,Dual Shock Absorber,3.50-10,92000,Digital,N/A,Single-Seat,digital,N/A,N/A,led,60 Kmph (Approx) ,Auto,tubeless,https://www.bikebd.com/ev/lectrix-ev-sx25,N/A,106 kg,Alloy,N/A
N/A,No,N/A,N/A,lead-acid,72V32Ah,N/A,Exploit 504 Plus,Electric Scooter,N/A,Single Disc,Exploit,N/A,N/A,N/A,6-8 Hours,N/A,Automatic Clutch,N/A,N/A,,N/A,N/A,Info-Not-Available,N/A,N/A,Electric Motor,N/A,N/A,Hydraulic Disc,Telescopic,3.50-10,N/A,N/A,N/A,Conventional,LED,N/A,led,110V/220V,N/A,N/A,N/A,0 Bhp @ 0 RPM ,0 NM @ 0 RPM ,0 Kmpl (Approx) ,N/A,N/A,N/A,72V 1000W,Brushless Motor,N/A,N/A,digital,N/A,N/A,,yes,N/A,N/A,Drum Brake,Dual Shock Absorber,3.50-10,108000,Digital,N/A,Single-Seat,digital,N/A,N/A,led,65 Kmph (Approx) ,Auto,tubeless,https://www.bikebd.com/ev/lectrix-ev-sx25,N/A,108 kg,Alloy,N/A
N/A,No,N/A,N/A,lead-acid,60V20Ah,N/A,Exploit Moyna,Electric Scooter,N/A,Single Disc,Exploit,N/A,N/A,N/A,6~8H,N/A,Automatic Clutch,N/A,N/A,,N/A,N/A,Info-Not-Available,N/A,N/A,Electric Motor,N/A,N/A,Hydraulic Disc,Telescopic,3.50-10,N/A,N/A,N/A,Conventional,LED,N/A,led,Charger input: 110V/220V,N/A,N/A,N/A,0 Bhp @ 0 RPM ,0 NM @ 0 RPM ,0 Kmpl (Approx) ,N/A,N/A,N/A,60V 1000W,Brushless Motor,N/A,N/A,digital,N/A,N/A,,yes,N/A,N/A,Drum Brake,Dual Shock Absorber,3.50-10,94000,Digital,N/A,Single-Seat,digital,N/A,N/A,led,60 Kmph (Approx) ,Auto,tubeless,https://www.bikebd.com/ev/lectrix-ev-sx25,N/A,106 kg,Alloy,N/A
N/A,No,N/A,N/A,lead-acid,72V32Ah,N/A,Exploit Duck,Electric Scooter,N/A,Single Disc,Exploit,N/A,N/A,N/A,6~8H,N/A,Automatic Clutch,N/A,N/A,,N/A,N/A,Info-Not-Available,N/A,N/A,N/A,N/A,N/A,Hydraulic Disc,Telescopic,N/A,N/A,N/A,N/A,Conventional,LED,N/A,led,110V/220V,N/A,N/A,N/A,0 Bhp @ 0 RPM ,0 NM @ 0 RPM ,0 Kmpl (Approx) ,N/A,N/A,N/A,60V 1200W,Brushless Motor,N/A,N/A,digital,N/A,N/A,,yes,N/A,N/A,Drum Brake,Dual Shock Absorber,N/A,115000,Digital,N/A,Single-Seat,digital,N/A,N/A,led,60 Kmph (Approx) ,Auto,tubeless,https://www.bikebd.com/ev/lectrix-ev-sx25,N/A,118 kg,Alloy,N/A
N/A,No,N/A,N/A,Graphene-Battery,72v 23Ah,N/A,Luyuan MYC,Electric Scooter,N/A,Single Disc,Luyuan,China,N/A,Yes,6-7 Hr,N/A,Automatic Clutch,N/A,N/A,DX New Energy Industries Limited,N/A,N/A,Info-Not-Available,N/A,N/A,N/A,N/A,N/A,Disc Brake,Double Suspension,300-10 SWGT,N/A,N/A,140 Mm,Scooter Type,LED,1120 Mm,led,N/A,2024-10-19,N/A,N/A,0 Bhp @ 0 RPM ,0 NM @ 0 RPM ,0 Kmpl (Approx) ,N/A,2024,N/A,1200W,Brushless DC,N/A,N/A,digital,1780 Mm,700 Mm,,yes,N/A,N/A,Drum Brake,Double Suspension,300-10 SWGT,149900,Digital,N/A,Single-Seat,digital,Electric,N/A,led,50 Kmph (Approx) ,Auto,tubeless,https://www.bikebd.com/ev/lectrix-ev-sx25,N/A,83 Kg,Alloy,1700 Mm
N/A,No,N/A,N/A,lead-acid,"72V,26AH",N/A,Revoo C00,Electric Scooter,N/A,N/A,REVOO,N/A,N/A,N/A,6~7 Hr,N/A,Automatic Clutch,N/A,N/A,,N/A,N/A,yes,N/A,N/A,N/A,N/A,N/A,Disc Brake,Hydraulic Suspension,75/10-10,N/A,N/A,130 Mm,Scooter Type,LED,1095 Mm,led,N/A,2024-10-30,N/A,N/A,0 Bhp @ 0 RPM ,0 NM @ 0 RPM ,0 Kmpl (Approx) ,N/A,N/A,N/A,10 INCH，1200W35H,N/A,N/A,N/A,Info-Not-Available,1990 Mm,740 Mm,,yes,N/A,N/A,Disc Brake,Hydraulic Suspension,75/100-10,139900,Info-Not-Available,N/A,Single-Seat,digital,Electric,N/A,led,55 Kmph (Approx) ,Auto,tubeless,https://www.bikebd.com/ev/lectrix-ev-sx25,N/A,110 KG,Alloy,1280 Mm
N/A,No,N/A,N/A,Graphene-Battery,"72V, 22Ah",N/A,Aima F626,Electric Scooter,N/A,Single Disc,AIMA,China,N/A,N/A,N/A,N/A,Automatic Clutch,N/A,N/A,DX New Energy Industries Limited,N/A,N/A,yes,N/A,N/A,N/A,N/A,N/A,Disc Brake,Info Not Available,3.0-10,N/A,N/A,N/A,Scooter Type,LED,1130 Mm,led,N/A,2024-10-19,N/A,China,0 Bhp @ 0 RPM ,0 NM @ 0 RPM ,0 Kmpl (Approx) ,N/A,N/A,N/A,800W,N/A,N/A,N/A,digital,1780 Mm,700 Mm,,yes,N/A,N/A,Drum Brake,Info Not Available,3.0-10,122500,Digital,N/A,Single-Seat,digital,Electric,N/A,led,45 Kmph (Approx) ,Auto,tubeless,https://www.bikebd.com/ev/lectrix-ev-sx25,N/A,106 Kg,Alloy,1270 Mm
N/A,No,N/A,N/A,Info-Not-Available,48V 30AH,N/A,I-am Run,Electric Scooter,N/A,N/A,I-am,N/A,N/A,N/A,4-6 Hr,Steel,Info Not Available,N/A,N/A,,N/A,N/A,Info-Not-Available,N/A,N/A,N/A,N/A,N/A,Disc Brake,Shock Absorber,3.00-10,N/A,N/A,N/A,Scooter Type,12V LED Headlight,N/A,led,N/A,N/A,N/A,N/A,0 Bhp @ 0 RPM ,0 NM @ 0 RPM ,0 Kmpl (Approx) ,N/A,N/A,N/A,1000 W Brushless rear motor,Rear Hub Motor,N/A,N/A,digital,N/A,N/A,,yes,N/A,N/A,Disc Brake,Shock Absorber,3.00-10,110000,Digital,N/A,Single-Seat,digital,Electric,N/A,led,60 Kmph (Approx) ,Auto,tubeless,https://www.bikebd.com/ev/lectrix-ev-sx25,N/A,150 Kg,Aluminum wheel,N/A
N/A,No,N/A,N/A,Lithium-ion,48V 12Ah,N/A,I-Am S-ROAD,Electric Scooter,N/A,N/A,I-am,N/A,N/A,N/A,6-8H,Steel,Info Not Available,N/A,N/A,,N/A,N/A,Info-Not-Available,N/A,N/A,N/A,N/A,N/A,Single Disc,Sport Type,2.50×14,N/A,N/A,N/A,Scooter Type,12V LED Headlight,N/A,led,N/A,N/A,N/A,N/A,0 Bhp @ 0 RPM ,0 NM @ 0 RPM ,0 Kmpl (Approx) ,N/A,N/A,N/A,350 W Brushless Rear Motor,Rear Hub Motor,N/A,N/A,digital,N/A,N/A,,yes,N/A,N/A,Disc Brake,Shock Absorber,2.50×14,60000,Digital,N/A,Single-Seat,digital,Electric,N/A,led,30 Kmph (Approx) ,Auto,tubeless,https://www.bikebd.com/ev/lectrix-ev-sx25,N/A,130 Kg,Alloy Wheels,N/A
N/A,No,N/A,N/A,lead-acid,1.34 Kwh,N/A,Lectrix EV SX25,Electric Scooter,N/A,N/A,Lectrix,N/A,N/A,N/A,4 Hr,N/A,Automatic Clutch,N/A,N/A,,Hub Motor,N/A,Info-Not-Available,N/A,N/A,N/A,N/A,N/A,Drum Brake,Telescopic,90/100-10,N/A,N/A,160 Mm,Scooter Type,LED,1260 Mm,led,N/A,N/A,N/A,N/A,0 Bhp @ 0 RPM ,0 NM @ 0 RPM ,0 Kmpl (Approx) ,N/A,N/A,N/A,250 W,BLDC,N/A,N/A,Info-Not-Available,1870 Mm,710 Mm,,yes,60 km/charge,N/A,Drum Brake,Dual Coil Spring,90/100-10,N/A,Info-Not-Available,760 Mm,Single-Seat,digital,N/A,N/A,led,25 Kmph (Approx) ,Auto,tubeless,https://www.bikebd.com/ev/lml-star,N/A,70 Kg,Alloy,1330 Mm
N/A,No,N/A,N/A,Lithium-ion,1.56 Kwh,N/A,Tunwal Lithino Li,Electric Scooter,N/A,N/A,Tunwal,N/A,N/A,Yes,N/A,High Rigid Tubular Frame,Automatic Clutch,N/A,N/A,,Hub Motor,N/A,Info-Not-Available,N/A,N/A,N/A,N/A,N/A,Disc Brake,Hydrolic Suspention,3.00-10,N/A,N/A,N/A,Scooter Type,LED,N/A,led,N/A,N/A,N/A,N/A,0 Bhp @ 0 RPM ,0 NM @ 0 RPM ,0 Kmpl (Approx) ,N/A,N/A,N/A,N/A,BLDC,N/A,N/A,Info-Not-Available,N/A,N/A,,Info-Not-Available,75-120 km/charge,N/A,Drum Brake,Info Not Available,3.00-10,N/A,Info-Not-Available,N/A,Single-Seat,digital,N/A,N/A,led,0 Kmph (Approx) ,Auto,tubeless,https://www.bikebd.com/ev/lml-star,N/A,N/A,Alloy,N/A
N/A,No,N/A,N/A,Lithium-ion,60V / 40AH,N/A,Odysse Electric E2Go,Electric Scooter,N/A,N/A,Odysse,N/A,N/A,N/A,4 Hr,N/A,Automatic Clutch,N/A,N/A,,N/A,N/A,Info-Not-Available,N/A,N/A,N/A,N/A,N/A,Disc Brake,Telescopic,3.00-10,N/A,N/A,250 Mm,Scooter Type,LED,1100 Mm,led,N/A,N/A,N/A,N/A,0 Bhp @ 0 RPM ,0 NM @ 0 RPM ,0 Kmpl (Approx) ,N/A,N/A,N/A,250 W,N/A,N/A,N/A,Info-Not-Available,1800 Mm,700 Mm,,Info-Not-Available,130 km/charge,N/A,Drum Brake,Both side Spring loaded hydraulic,3.00-10,N/A,Info-Not-Available,N/A,Single-Seat,digital,N/A,N/A,led,25 Kmph (Approx) ,Auto,tubeless,https://www.bikebd.com/ev/lml-star,N/A,90 Kg,Alloy,N/A
N/A,No,N/A,N/A,Lithium-ion,1.25 Kwh,N/A,Tunwal Mini Lithino,Electric Scooter,N/A,N/A,Tunwal,N/A,N/A,Yes,N/A,High Rigid Tubular Frame,Automatic Clutch,N/A,N/A,,Hub Motor,N/A,Info-Not-Available,N/A,N/A,N/A,N/A,N/A,Drum Brake,Hydrolic Suspention,3.00-10,N/A,N/A,N/A,Scooter Type,LED,N/A,led,N/A,N/A,N/A,N/A,0 Bhp @ 0 RPM ,0 NM @ 0 RPM ,0 Kmpl (Approx) ,N/A,N/A,N/A,N/A,BLDC,N/A,N/A,Info-Not-Available,N/A,N/A,,Info-Not-Available,55-70 km/charge,N/A,Drum Brake,Info Not Available,3.00-10,N/A,Info-Not-Available,N/A,Single-Seat,digital,N/A,N/A,led,100 Kmph (Approx) ,Auto,tubeless,https://www.bikebd.com/ev/lml-star,N/A,N/A,Alloy,N/A
N/A,Yes,N/A,N/A,Info-Not-Available,2.16 Kwh,N/A,Maruthisan MS 3.0,Electric Scooter,N/A,Single Channel ABS,Maruthisan,N/A,N/A,Yes,N/A,N/A,Automatic Clutch,N/A,N/A,,Hub Motor,N/A,Info-Not-Available,N/A,N/A,N/A,N/A,N/A,Disc Brake,Telescopic,3.00-10,N/A,N/A,185 Mm,Conventional,LED,N/A,led,N/A,N/A,N/A,N/A,0 Bhp @ 0 RPM ,0 NM @ 0 RPM ,0 Kmpl (Approx) ,N/A,N/A,N/A,N/A,N/A,N/A,N/A,digital,1835 Mm,N/A,,Info-Not-Available,140-160 km/charge,N/A,Disc Brake,Adjustable,3.00-10,N/A,Info-Not-Available,N/A,Single-Seat,digital,N/A,N/A,led,60 Kmph (Approx) ,Auto,tubeless,https://www.bikebd.com/ev/lml-star,N/A,N/A,Alloy,N/A
"Keyless Entry, Floor Matt - 170 mm",No,N/A,N/A,Lithium-ion,2.16 Kwh,N/A,ADMS TTX,Electric Scooter,N/A,N/A,ADMS,N/A,N/A,N/A,4-8 Hr,N/A,Automatic Clutch,N/A,N/A,,Hub Motor,N/A,Info-Not-Available,N/A,N/A,N/A,N/A,N/A,Disc Brake,Hydraulic Shock Absorber,N/A,N/A,N/A,N/A,Scooter Type,LED,N/A,led,N/A,N/A,N/A,N/A,0 Bhp @ 0 RPM ,0 NM @ 0 RPM ,0 Kmpl (Approx) ,N/A,N/A,N/A,250 W,N/A,N/A,N/A,Info-Not-Available,N/A,N/A,,yes,100-200 km/charge,N/A,Disc Brake,Info Not Available,N/A,N/A,Info-Not-Available,N/A,Single-Seat,digital,N/A,N/A,led,0 Kmph (Approx) ,Auto,Info-Not-Available,https://www.bikebd.com/ev/lml-star,N/A,N/A,Alloy,N/A
N/A,No,N/A,N/A,Info-Not-Available,Info Not Available,N/A,GT Soul,Electric Scooter,N/A,N/A,GT Force,N/A,N/A,N/A,4-5 Hr,High Strength Tubular Frame,Automatic Clutch,N/A,N/A,,N/A,N/A,Info-Not-Available,N/A,N/A,N/A,N/A,N/A,Drum Brake,Hydraulic Telescopic,3.00 - 10,N/A,N/A,185 Mm,Scooter Type,LED,1090 Mm,led,N/A,N/A,N/A,N/A,0 Bhp @ 0 RPM ,0 NM @ 0 RPM ,0 Kmpl (Approx) ,N/A,N/A,N/A,N/A,BLDC,N/A,N/A,Info-Not-Available,1830 Mm,700 Mm,,yes,N/A,N/A,Drum Brake,Double Shocker With Dual Tube Technology,3.00 - 10,N/A,Info-Not-Available,760 Mm,Single-Seat,digital,N/A,N/A,led,0 Kmph (Approx) ,Auto,tubeless,https://www.bikebd.com/ev/lml-star,N/A,95 kg,Alloy,N/A
Theft Protection,No,N/A,N/A,Info-Not-Available,Info Not Available,N/A,Merico Fashia,Electric Scooter,N/A,N/A,Merico,N/A,N/A,Yes,6-7 Hr,High Rigid Tubular Frame,Automatic Clutch,N/A,N/A,,N/A,N/A,Info-Not-Available,N/A,N/A,N/A,N/A,N/A,Disc Brake,Telescopic,3-10,N/A,N/A,210 Mm,Scooter Type,LED,1260 Mm,halogen,N/A,N/A,N/A,N/A,0 Bhp @ 0 RPM ,0 NM @ 0 RPM ,0 Kmpl (Approx) ,N/A,N/A,N/A,250 W,N/A,N/A,N/A,Info-Not-Available,1760 Mm,680 Mm,,Info-Not-Available,N/A,N/A,Disc Brake,Info Not Available,3-10,N/A,Info-Not-Available,N/A,Single-Seat,digital,Electric,N/A,halogen,100 Kmph (Approx) ,Auto,tubeless,https://www.bikebd.com/ev/lml-star,N/A,N/A,Alloy,1305 Mm
N/A,No,N/A,N/A,Lithium-ion,Info Not Available,N/A,SVITCH CSR 762,Electric BIke,N/A,N/A,SVITCH,N/A,N/A,Yes,N/A,N/A,Info Not Available,N/A,N/A,,Chain,N/A,no,N/A,N/A,N/A,Yes,N/A,Single Disc,Telescopic,N/A,N/A,N/A,N/A,Pipe handle bar,LED,N/A,led,N/A,N/A,N/A,N/A,0 Bhp @ 0 RPM ,0 NM @ 0 RPM ,0 Kmpl (Approx) ,Yes,N/A,N/A,3 kW,PMSM,N/A,N/A,digital,N/A,N/A,,yes,N/A,N/A,Disc Brake,Monoshock,N/A,N/A,Digital,810 mm,Single-Seat,digital,Electric,N/A,led,110 Kmph (Approx) ,Auto,tubeless,https://www.bikebd.com/ev/lml-star,N/A,155 kg,Alloy,1430 mm
N/A,No,N/A,N/A,Graphene-Battery,72V38AH,N/A,Yadea G150P,Electric Scooter,N/A,Single Disc,Yadea,N/A,N/A,N/A,N/A,N/A,Automatic Clutch,N/A,N/A,Runner Automobiles Limited,N/A,N/A,Info-Not-Available,N/A,N/A,Electric Motor,N/A,N/A,Disc Brake,ALUMINUM BARREL HYDRAULIC,90/90-12,N/A,N/A,N/A,Conventional,LED,1220 Mm,led,N/A,N/A,N/A,N/A,0 Bhp @ 0 RPM ,149 NM @ 0 RPM ,0 Kmpl (Approx) ,N/A,N/A,N/A,2000W TTFR,Hub Motor,N/A,N/A,digital,1790 Mm,700 Mm,,yes,N/A,N/A,Disc Brake,ALUMINUM BARREL HYDRAULIC,100/80-12,230000,Digital,N/A,Single-Seat,digital,Electric,N/A,led,60 Kmph (Approx) ,Auto,tubeless,https://www.bikebd.com/ev/lml-star,N/A,N/A,Alloy,1270 Mm
N/A,No,N/A,N/A,Graphene-Battery,72V 26Ah,N/A,Yadea Ruibin,Electric Scooter,N/A,Single Disc,Yadea,N/A,N/A,N/A,6-8 Hours,N/A,Automatic Clutch,N/A,N/A,,N/A,N/A,Info-Not-Available,N/A,N/A,Electric Motor,N/A,N/A,Disc Brake,Telescopic,3.00-10,N/A,N/A,110 mm,Conventional,LED,1100 mm,led,N/A,2025-05-25,N/A,N/A,0 Bhp @ 0 RPM ,0 NM @ 0 RPM ,0 Kmpl (Approx) ,N/A,N/A,N/A,800W,Hub Motor,N/A,N/A,digital,1725 mm,635 mm,,yes,N/A,N/A,Drum Brake,Dual Shock Absorber,3.00-10,129000,Info-Not-Available,740 mm,Single-Seat,digital,Electric,N/A,led,45 Kmph (Approx) ,Auto,tubeless,https://www.bikebd.com/ev/lml-star,N/A,N/A,Alloy,1200 mm
N/A,No,N/A,N/A,Graphene-Battery,72V 38Ah,N/A,Yadea E8S Pro,Electric Scooter,N/A,Double Disc,Yadea,N/A,N/A,Yes,N/A,N/A,Automatic Clutch,N/A,N/A,,N/A,N/A,Info-Not-Available,N/A,N/A,Electric Motor,Yes,N/A,Disc Brake,Telescopic,90/80-12,N/A,N/A,N/A,Conventional,Three Lens Headlight,1155 mm,led,N/A,N/A,N/A,N/A,0 Bhp @ 0 RPM ,149 NM @ 0 RPM ,0 Kmpl (Approx) ,Yes,N/A,N/A,2000W,TTFAR Motor,N/A,2,digital,1870 mm,760 mm,,yes,N/A,N/A,Disc Brake,Dual Shock Absorber,90/80-12,199900,Digital,N/A,Single-Seat,digital,N/A,N/A,led,65 Kmph (Approx) ,Auto,tubeless,https://www.bikebd.com/ev/lml-star,N/A,N/A,Alloy,1272 mm
360° Camera,Info-Not-Available,N/A,N/A,Info-Not-Available,Info Not Available,N/A,LML Star,Electric Scooter,N/A,Single Disc,LML,N/A,N/A,N/A,N/A,N/A,Automatic Clutch,N/A,N/A,,Hub Motor,N/A,Info-Not-Available,N/A,N/A,Electric,N/A,N/A,Disc Brake,Telescopic,N/A,N/A,N/A,N/A,Conventional,LED,N/A,led,N/A,N/A,N/A,N/A,0 Bhp @ 0 RPM ,0 NM @ 0 RPM ,0 Kmpl (Approx) ,N/A,N/A,N/A,N/A,Brushless DC,N/A,N/A,digital,N/A,N/A,,yes,N/A,N/A,Drum Brake,Monoshock,N/A,N/A,Info-Not-Available,N/A,Single-Seat,digital,N/A,N/A,led,65 Kmph (Approx) ,Auto,tubeless,https://www.bikebd.com/ev/green-tiger-gt-vive-x,N/A,N/A,Alloy,N/A
N/A,No,N/A,N/A,lead-acid,48V 12Ah,N/A,Walton Takyon Leo,Electric Scooter,N/A,Drum Brake,Walton,N/A,N/A,N/A,6-8 hours,N/A,Automatic Clutch,N/A,N/A,,Hub Motor,N/A,Info-Not-Available,N/A,N/A,Electric,N/A,N/A,Drum Brake,Telescopic,16x2.50,N/A,N/A,185 Mm,Scooter Type,LED,1120 Mm,led,N/A,N/A,N/A,N/A,0 Bhp @ 0 RPM ,0 NM @ 0 RPM ,0 Kmpl (Approx) ,N/A,N/A,N/A,450W,DC Hub Motor,N/A,N/A,digital,1520 Mm,715  Mm,,yes,N/A,N/A,Drum Brake,Twin Shock,16x2.50,59850,Info-Not-Available,N/A,Single-Seat,digital,Electric,N/A,led,30 Kmph (Approx) ,Auto,tubeless,https://www.bikebd.com/ev/green-tiger-gt-vive-x,N/A,70 Kg,Alloy,N/A
N/A,No,N/A,N/A,Graphene-Battery,72V20Ah,N/A,Yadea M6,Electric Scooter,N/A,Single Disc,Yadea,N/A,N/A,N/A,6-8 HOURS,N/A,Automatic Clutch,N/A,N/A,Runner Automobiles Limited,N/A,N/A,Info-Not-Available,N/A,N/A,Hub Motor,Yes,N/A,Disc Brake,Telescopic,"3,00-10 42J",N/A,N/A,150 mm,Conventional,LED,1210 mm,led,N/A,N/A,N/A,N/A,0 Bhp @ 0 RPM ,100 NM @ 0 RPM ,0 Kmpl (Approx) ,N/A,N/A,N/A,1200W,1200W TTFAR  Hub Motor,N/A,3,digital,1790 mm,720 mm,,yes,N/A,N/A,Drum Brake,Dual Shock Absorber,"3,00-10 42J",120000,Info-Not-Available,N/A,Single-Seat,digital,Electric,N/A,led,45 Kmph (Approx) ,Auto,tubeless,https://www.bikebd.com/ev/green-tiger-gt-vive-x,N/A,59 Kg,Alloy,1260 MM
N/A,No,N/A,N/A,Graphene-Battery,72V20Ah,N/A,Yadea T5,Electric Scooter,N/A,Single Disc,Yadea,N/A,N/A,N/A,N/A,N/A,Automatic Clutch,N/A,N/A,Runner Automobiles Limited,N/A,N/A,Info-Not-Available,N/A,N/A,Electric Motor,Yes,N/A,Disc Brake,Telescopic,3.00 – 10 4PR,N/A,N/A,N/A,Conventional,LED,1095 mm,led,N/A,N/A,N/A,N/A,0 Bhp @ 0 RPM ,86 NM @ 0 RPM ,0 Kmpl (Approx) ,N/A,N/A,N/A,800W,TTFAR Hub Motor,N/A,3,digital,1780 nm,670 mm,,yes,N/A,N/A,Drum Brake,Dual Shock Absorber,3.00 – 10 4PR,139000,Info-Not-Available,N/A,Single-Seat,digital,Electric,N/A,led,39 Kmph (Approx) ,Auto,tubeless,https://www.bikebd.com/ev/green-tiger-gt-vive-x,N/A,90 Kg,Alloy,1270 mm
N/A,Info-Not-Available,N/A,N/A,Info-Not-Available,Info Not Available,N/A,Shema Tuff,Electric Scooter,N/A,Combi Brake System,Shema,N/A,N/A,N/A,N/A,N/A,Info Not Available,N/A,N/A,,Hub Motor,N/A,Info-Not-Available,N/A,N/A,N/A,N/A,N/A,Drum Brake,Telescopic,90/100-10,N/A,N/A,180 Mm,Scooter Type,LED,990 Mm,led,N/A,N/A,N/A,N/A,0 Bhp @ 0 RPM ,96 NM @ 0 RPM ,0 Kmpl (Approx) ,N/A,N/A,N/A,1500,BLDC,N/A,N/A,digital,1700 Mm,650 Mm,,Info-Not-Available,N/A,N/A,Drum Brake,Coil Type,90/100-10,N/A,Digital,830 Mm,Single-Seat,digital,Electric,N/A,led,60 Kmph (Approx) ,Auto,tubeless,https://www.bikebd.com/ev/green-tiger-gt-vive-x,N/A,N/A,Alloy,N/A
N/A,No,N/A,N/A,Graphene-Battery,60V 23Ah,N/A,Akij Romeo,Electric BIke,N/A,Double Disc,Akij,N/A,N/A,N/A,6-8 Hours,N/A,Automatic Clutch,N/A,N/A,,N/A,N/A,Info-Not-Available,N/A,N/A,Electric Motor,N/A,N/A,Disc Brake,Telescopic,110/90-12,N/A,N/A,N/A,Pipe handle bar,LED,N/A,led,AC 110-220 V,N/A,N/A,N/A,0 Bhp @ 0 RPM ,0 NM @ 0 RPM ,0 Kmpl (Approx) ,N/A,N/A,N/A,2000 W,DC Motor,N/A,N/A,digital,N/A,N/A,,yes,N/A,N/A,Disc Brake,Dual Spring,215/40-12,125000,Info-Not-Available,N/A,Single-Seat,digital,Electric,N/A,led,55 Kmph (Approx) ,Auto,Info-Not-Available,https://www.bikebd.com/ev/green-tiger-gt-vive-x,N/A,90 kg,Alloy,N/A
"Throttle fault sensor, Motor fault sensor, Helmet indicator",No,N/A,N/A,Info-Not-Available,Info Not Available,N/A,eblu Feo,Electric Scooter,N/A,Combi Brake System,EBLU,N/A,N/A,N/A,5.5 Hours,N/A,Automatic Clutch,N/A,N/A,,Hub Motor,N/A,Info-Not-Available,N/A,N/A,N/A,N/A,N/A,Disc Brake,Telescopic,90/90-12,N/A,N/A,170 Mm,Scooter Type,LED,1140 Mm,led,N/A,N/A,N/A,N/A,0 Bhp @ 0 RPM ,110 NM @ 0 RPM ,0 Kmpl (Approx) ,N/A,N/A,N/A,N/A,N/A,N/A,N/A,Info-Not-Available,1850 Mm,690 Mm,,yes,N/A,N/A,Disc Brake,Dual Tube Twin Shocker,90/90-12,N/A,Info-Not-Available,N/A,Single-Seat,digital,Electric,N/A,led,60 Kmph (Approx) ,Manual,tubeless,https://www.bikebd.com/ev/green-tiger-gt-vive-x,N/A,N/A,Alloy,1345 Mm
"E-ABS, Brake Lever - Aluminium Lever, Outer Appearance- Garnish – Chrome Plated, Parking Mode, Real-Time Asset Tracking, Find my device, Driver Behavior, Micro Charger with Auto Cut, ICAT/ARA",No,N/A,N/A,Info-Not-Available,Info Not Available,N/A,Okinawa Okhi90,Electric Scooter,N/A,Combi Brake System,Okinawa,N/A,N/A,Yes,5-6 Hr,N/A,Automatic Clutch,N/A,N/A,,Hub Motor,N/A,Info-Not-Available,N/A,N/A,N/A,yes,N/A,Info Not Available,Hydraulic Telescopic,100/80-16,N/A,N/A,175 Mm,Conventional,LED,1160 Mm,led,N/A,N/A,N/A,N/A,0 Bhp @ 0 RPM ,0 NM @ 0 RPM ,0 Kmpl (Approx) ,N/A,N/A,N/A,3800 W,N/A,N/A,N/A,digital,2220 Mm,710 Mm,,yes,160 km/charge,N/A,Info Not Available,Double shocker with dual tube technology,120/80,N/A,Info-Not-Available,803 Mm,Single-Seat,digital,Electric,N/A,led,90 Kmph (Approx) ,Auto,tubeless,https://www.bikebd.com/ev/green-tiger-gt-vive-x,N/A,N/A,Alloy,1520 Mm
"3 Speed Mode, Detachable battery, Find my Scooter",No,N/A,N/A,Lithium-ion,Info Not Available,N/A,Jitendra JMT 1000HS,Electric Scooter,N/A,N/A,Gogoro,N/A,N/A,Yes,3-3.5 Hr,Tubular,Automatic Clutch,N/A,N/A,,Hub Motor,N/A,Info-Not-Available,N/A,N/A,N/A,N/A,N/A,Disc Brake,Telescopic,90/90-10,N/A,N/A,175 Mm,Conventional,LED,1100 Mm,led,N/A,N/A,N/A,N/A,0 Bhp @ 0 RPM ,0 NM @ 0 RPM ,0 Kmpl (Approx) ,N/A,N/A,IP 65,1000 W,BLDC,N/A,N/A,Info-Not-Available,1880 Mm,680 Mm,,yes,90 km/charge,N/A,Drum Brake,Spring loaded Hydraulic,90/90-10,N/A,Info-Not-Available,N/A,Single-Seat,digital,N/A,N/A,led,52 Kmph (Approx) ,Auto,tubeless,https://www.bikebd.com/ev/green-tiger-gt-vive-x,N/A,80 kg,Alloy,1412 Mm
N/A,No,N/A,N/A,Lithium-ion,Info Not Available,N/A,GT One,Electric Scooter,N/A,N/A,Gogoro,N/A,N/A,N/A,7-8 Hr,High Strength Tubular Frame,Automatic Clutch,N/A,N/A,,Hub Motor,N/A,Info-Not-Available,N/A,N/A,N/A,N/A,N/A,Disc Brake,Hydraulic Telescopic,N/A,N/A,N/A,155 Mm,Conventional,LED,1070 Mm,led,N/A,N/A,N/A,N/A,0 Bhp @ 0 RPM ,0 NM @ 0 RPM ,0 Kmpl (Approx) ,N/A,N/A,N/A,N/A,BLDC,N/A,N/A,Info-Not-Available,1855 Mm,740 Mm,,yes,60-65 km/charge,N/A,Disc Brake,Double Shocker With Dual Tube Technology”,N/A,N/A,Info-Not-Available,725 Mm,Single-Seat,digital,N/A,N/A,led,0 Kmph (Approx) ,Auto,tubeless,https://www.bikebd.com/ev/green-tiger-gt-vive-x,N/A,88 kg,Alloy,N/A
N/A,No,N/A,N/A,Info-Not-Available,2.15 Kwh,N/A,Omega Mopido,Electric Scooter,N/A,Combi Brake System,Omega,N/A,N/A,N/A,N/A,N/A,Automatic Clutch,N/A,N/A,,N/A,N/A,Info-Not-Available,N/A,N/A,N/A,N/A,N/A,Drum Brake,Telescopic,N/A,N/A,N/A,N/A,Scooter Type,Info Not Available,970 Mm,Info-Not-Available,N/A,N/A,N/A,N/A,0 Bhp @ 0 RPM ,20 NM @ 0 RPM ,0 Kmpl (Approx) ,N/A,N/A,N/A,250 W,BLDC,N/A,N/A,Info-Not-Available,1959 Mm,738 Mm,,yes,100 km/charge,N/A,Drum Brake,Spring Shockers,N/A,N/A,Info-Not-Available,N/A,Single-Seat,digital,N/A,N/A,Info-Not-Available,25 Kmph (Approx) ,Auto,tubeless,https://www.bikebd.com/ev/green-tiger-gt-vive-x,N/A,N/A,Alloy,1406 Mm
N/A,No,N/A,N/A,Info-Not-Available,Info Not Available,N/A,Fidato Evtech Loder,Electric Scooter,N/A,N/A,Fidato Evtech,N/A,N/A,N/A,3-4 Hr,N/A,Automatic Clutch,N/A,N/A,,Hub Motor,N/A,Info-Not-Available,N/A,N/A,N/A,N/A,N/A,Disc Brake,Hydraulic,90/100-10,N/A,N/A,N/A,Scooter Type,LED,1100 Mm,led,N/A,N/A,N/A,N/A,0 Bhp @ 0 RPM ,0 NM @ 0 RPM ,0 Kmpl (Approx) ,N/A,N/A,N/A,N/A,Brushless DC,N/A,N/A,Info-Not-Available,1890 Mm,790 Mm,,yes,60-70 km/charge,N/A,Disc Brake,Info Not Available,90/100-10,N/A,Info-Not-Available,N/A,Single-Seat,digital,N/A,N/A,led,0 Kmph (Approx) ,Auto,tubeless,https://www.bikebd.com/ev/green-tiger-gt-vive-x,N/A,N/A,Alloy,N/A
N/A,No,N/A,N/A,Lithium-ion,60 volt,N/A,Green Tiger GT-Vive X,Electric Scooter,N/A,Double Disc,Green Tiger,N/A,N/A,N/A,4-5 Hours,N/A,Info Not Available,N/A,N/A,,N/A,N/A,yes,N/A,N/A,N/A,N/A,N/A,Disc Brake,Conventional telescopic front forks,N/A,N/A,N/A,N/A,Scooter Type,LED,N/A,led,N/A,N/A,N/A,N/A,0 Bhp @ 0 RPM ,0 NM @ 0 RPM ,0 Kmpl (Approx) ,N/A,N/A,N/A,1500W,1500 watt brushless (Peak),N/A,N/A,digital,N/A,N/A,,yes,N/A,N/A,Disc Brake,Dual shocks,N/A,85000,Info-Not-Available,N/A,Single-Seat,digital,N/A,N/A,led,65 Kmph (Approx) ,Auto,tubeless,https://www.bikebd.com/ev/bir-sun-ra-em-10,N/A,N/A,N/A,N/A
N/A,No,N/A,N/A,Lithium-ion,48V,N/A,Green Tiger GT-Sprint R,Electric Scooter,N/A,Single Disc,Green Tiger,N/A,N/A,N/A,4-5 Hours,N/A,Automatic Clutch,N/A,N/A,,N/A,N/A,yes,N/A,N/A,Electric Motor,N/A,N/A,Disc Brake,Conventional telescopic front forks,N/A,N/A,N/A,N/A,Scooter Type,LED,N/A,led,N/A,N/A,N/A,N/A,0 Bhp @ 0 RPM ,0 NM @ 0 RPM ,0 Kmpl (Approx) ,N/A,N/A,N/A,1500W,1500 watt brushless (Peak),N/A,N/A,digital,N/A,N/A,,yes,N/A,N/A,Drum Brake,Dual shocks,N/A,87500,Info-Not-Available,N/A,Single-Seat,digital,Electric,N/A,led,55 Kmph (Approx) ,Auto,tubeless,https://www.bikebd.com/ev/bir-sun-ra-em-10,N/A,N/A,N/A,N/A
N/A,Yes,N/A,N/A,Lithium-ion,60 volt,N/A,Green Tiger GT-Sprint XR,Electric Scooter,N/A,Double Disc,Green Tiger,N/A,N/A,N/A,N/A,N/A,Info Not Available,N/A,N/A,,N/A,N/A,yes,N/A,N/A,Electric Motor,N/A,N/A,Disc Brake,Conventional telescopic front forks,N/A,N/A,N/A,N/A,Scooter Type,LED,N/A,led,N/A,N/A,N/A,N/A,0 Bhp @ 0 RPM ,0 NM @ 0 RPM ,0 Kmpl (Approx) ,N/A,N/A,N/A,1500W,1500 watt brushless (Peak),N/A,N/A,digital,N/A,N/A,,yes,N/A,N/A,Disc Brake,Dual shocks,N/A,92500,Info-Not-Available,N/A,Single-Seat,digital,Electric,N/A,led,65 Kmph (Approx) ,Auto,tubeless,https://www.bikebd.com/ev/bir-sun-ra-em-10,N/A,N/A,N/A,N/A
N/A,No,N/A,N/A,Lithium-ion,48V,N/A,Green Tiger GT-Fenix R,Electric Scooter,N/A,Single Disc,Green Tiger,N/A,N/A,N/A,4-5 Hours,N/A,Info Not Available,N/A,N/A,,N/A,N/A,yes,N/A,N/A,N/A,N/A,N/A,Disc Brake,Conventional telescopic front forks,N/A,N/A,N/A,N/A,Scooter Type,LED,N/A,led,N/A,N/A,N/A,N/A,0 Bhp @ 0 RPM ,0 NM @ 0 RPM ,0 Kmpl (Approx) ,N/A,N/A,N/A,1500W,Brushless,N/A,N/A,digital,N/A,N/A,,yes,N/A,N/A,Drum Brake,Dual shocks,N/A,84500,Info-Not-Available,N/A,Single-Seat,digital,N/A,N/A,led,55 Kmph (Approx) ,Auto,tubeless,https://www.bikebd.com/ev/bir-sun-ra-em-10,N/A,N/A,N/A,N/A
Reverse Gear,No,N/A,N/A,Lithium-ion,60 volt,N/A,Green Tiger GT-Fenix XR,Electric Scooter,N/A,Dual Disc,Green Tiger,N/A,N/A,N/A,N/A,N/A,Info Not Available,N/A,N/A,,N/A,N/A,yes,N/A,N/A,N/A,N/A,N/A,Disc Brake,Conventional telescopic front forks,10 inch,N/A,N/A,N/A,Scooter Type,LED,N/A,led,N/A,N/A,N/A,N/A,0 Bhp @ 0 RPM ,0 NM @ 0 RPM ,0 Kmpl (Approx) ,N/A,N/A,N/A,1500W,1500 watt brushless (Peak),N/A,N/A,digital,N/A,N/A,,yes,N/A,N/A,Disc Brake,Dual shocks,10 inch,89500,Info-Not-Available,N/A,Single-Seat,digital,N/A,N/A,led,65 Kmph (Approx) ,Auto,tubeless,https://www.bikebd.com/ev/bir-sun-ra-em-10,N/A,N/A,Alloy,N/A
N/A,No,N/A,N/A,Lithium-ion,48V,N/A,Green Tiger GT-Knight R,Electric Scooter,N/A,Single Disc,Green Tiger,N/A,N/A,N/A,N/A,Steel,Info Not Available,N/A,N/A,,N/A,N/A,yes,N/A,N/A,Electric Motor,N/A,N/A,Disc Brake,Conventional telescopic front forks,10 inch,N/A,N/A,N/A,Scooter Type,LED,N/A,led,N/A,N/A,N/A,N/A,0 Bhp @ 0 RPM ,0 NM @ 0 RPM ,0 Kmpl (Approx) ,N/A,N/A,N/A,N/A,N/A,N/A,N/A,digital,N/A,N/A,,yes,N/A,N/A,Drum Brake,Dual shocks,10 inch,74500,Info-Not-Available,N/A,Single-Seat,digital,N/A,N/A,led,60 Kmph (Approx) ,Auto,tubeless,https://www.bikebd.com/ev/bir-sun-ra-em-10,N/A,110 Kg,Alloy,N/A
N/A,No,N/A,N/A,Lithium-ion,48V,N/A,Green Tiger GT-Ace,Electric Scooter,N/A,Single Disc,Green Tiger,N/A,N/A,N/A,4-5 Hours,Steel,Info Not Available,N/A,N/A,,N/A,N/A,yes,N/A,N/A,Electric Motor,N/A,N/A,Disc Brake,Conventional telescopic front forks,N/A,N/A,N/A,N/A,Scooter Type,LED,N/A,led,N/A,N/A,N/A,N/A,0 Bhp @ 0 RPM ,0 NM @ 0 RPM ,0 Kmpl (Approx) ,N/A,N/A,N/A,1500W,1500 watt brushless (Peak),N/A,N/A,digital,N/A,N/A,,yes,N/A,N/A,Drum Brake,Dual shocks,N/A,69500,Info-Not-Available,N/A,Single-Seat,digital,N/A,N/A,led,55 Kmph (Approx) ,Auto,tubeless,https://www.bikebd.com/ev/bir-sun-ra-em-10,N/A,110 Kg,Alloy,N/A
"Aluminum rear Swing, Halogen LED headlights, Portable Battery",No,N/A,N/A,Lithium-ion,"60 V, 30 Ah",N/A,Green Tiger GT-Leo,Electric Scooter,N/A,N/A,Green Tiger,N/A,N/A,N/A,4-5 Hours,N/A,Automatic Clutch,N/A,N/A,,N/A,N/A,Info-Not-Available,N/A,N/A,N/A,N/A,N/A,Disc Brake,Conventional telescopic front forks,N/A,N/A,N/A,N/A,Conventional,LED,N/A,led,N/A,N/A,N/A,N/A,0 Bhp @ 0 RPM ,0 NM @ 0 RPM ,0 Kmpl (Approx) ,N/A,N/A,N/A,3000w,Bosch motor,N/A,N/A,digital,N/A,N/A,,yes,N/A,N/A,Disc Brake,Dual Shock Absorber,N/A,155000,Info-Not-Available,N/A,Single-Seat,digital,N/A,N/A,led,60 Kmph (Approx) ,Auto,tubeless,https://www.bikebd.com/ev/bir-sun-ra-em-10,N/A,120 Kg,Alloy,N/A
"Stylish designs, No chain sprocket & eco-friendly, Hassle free smooth driving, No cost for fuel, No sound Pollution, Hydraulic brake system, Very effective with minimum cost.",No,N/A,N/A,lead-acid,72V/38AH,N/A,Akij Durdanto V6,Electric BIke,N/A,Double Disc,Akij,N/A,N/A,N/A,6-8 Hours,N/A,N/A,N/A,N/A,Akij Motors,N/A,N/A,Info-Not-Available,N/A,N/A,Electric,N/A,N/A,Single Disc,Telescopic,110/70-17,N/A,N/A,N/A,Three part handle bar,LED,N/A,led,AC 110-220 V,N/A,N/A,N/A,0 Bhp @ 0 RPM ,0 NM @ 0 RPM ,0 Kmpl (Approx) ,N/A,N/A,N/A,3000 W,DC Brushless,N/A,N/A,digital,N/A,N/A,,no,N/A,N/A,Disc Brake,Monoshock,140/70-17,182500,Info-Not-Available,N/A,Split-Seat,digital,Electric,N/A,led,90 Kmph (Approx) ,Auto,tubeless,https://www.bikebd.com/ev/bir-sun-ra-em-10,N/A,140 Kg,Alloy,N/A
N/A,No,N/A,N/A,lead-acid,60V 23Ah,N/A,Akij Bondhu,Electric BIke,N/A,Normal Braking System,Akij,N/A,N/A,N/A,6-8 Hours,N/A,Not Applicable,N/A,N/A,,N/A,N/A,Info-Not-Available,N/A,N/A,N/A,N/A,N/A,Single Disc,Telescopic,3.0-10,N/A,N/A,N/A,Scooter Type,LED,N/A,led,AC 110-220 V,N/A,N/A,N/A,0 Bhp @ 0 RPM ,0 NM @ 0 RPM ,0 Kmpl (Approx) ,N/A,N/A,N/A,600 W,N/A,N/A,N/A,digital,N/A,N/A,,yes,N/A,N/A,Disc Brake,Dual shocks,3.0-10,148000,Info-Not-Available,N/A,Single-Seat,digital,Electric,N/A,led,35 Kmph (Approx) ,Auto,tubeless,https://www.bikebd.com/ev/bir-sun-ra-em-10,N/A,100 kg,Alloy,N/A
N/A,No,N/A,N/A,lead-acid,48V 23 Ah,N/A,Akij Duronto,Electric Scooter,N/A,Single Disc,Akij,N/A,N/A,N/A,6-8 Hours,N/A,Not Applicable,N/A,N/A,,N/A,N/A,Info-Not-Available,N/A,N/A,N/A,N/A,N/A,Single Disc,Telescopic,3.0-10,N/A,N/A,N/A,Scooter Type,LED,N/A,led,AC 110-220 V,N/A,N/A,N/A,0 Bhp @ 0 RPM ,0 NM @ 0 RPM ,0 Kmpl (Approx) ,N/A,N/A,N/A,1200W,Brushless DC,N/A,N/A,digital,N/A,N/A,,yes,N/A,N/A,Drum Brake,Swing Arm,3.0-10,107500,Info-Not-Available,N/A,Single-Seat,digital,Electric,N/A,led,45 Kmph (Approx) ,Auto,tubeless,https://www.bikebd.com/ev/bir-sun-ra-em-10,N/A,95 kg,Alloy,N/A
N/A,No,N/A,N/A,Lithium-ion,48 volt 1kwh,N/A,Green Tiger GT-Vive R,Electric Scooter,N/A,Single Disc,Green Tiger,N/A,N/A,N/A,4-5 hours,N/A,Automatic Clutch,N/A,N/A,,N/A,N/A,Info-Not-Available,N/A,N/A,N/A,N/A,N/A,Disc Brake,Telescopic,N/A,N/A,N/A,N/A,Conventional,Info Not Available,N/A,Info-Not-Available,N/A,N/A,N/A,N/A,0 Bhp @ 0 RPM ,0 NM @ 0 RPM ,0 Kmpl (Approx) ,N/A,N/A,N/A,1000 Watt,Brushless,N/A,N/A,digital,N/A,N/A,,yes,N/A,N/A,Drum Brake,Twin Shock,N/A,85000,Info-Not-Available,N/A,Single-Seat,digital,N/A,N/A,Info-Not-Available,50 Kmph (Approx) ,Auto,tubeless,https://www.bikebd.com/ev/bir-sun-ra-em-10,N/A,N/A,N/A,N/A
N/A,No,N/A,N/A,Info-Not-Available,60 V/ 20Ah,N/A,Bir SUN RA EM-10,Electric Scooter,N/A,N/A,Bir,N/A,N/A,N/A,N/A,N/A,Automatic Clutch,N/A,N/A,,N/A,N/A,Info-Not-Available,N/A,N/A,N/A,N/A,N/A,Disc Brake,Telescopic,3.0-10,N/A,N/A,N/A,Conventional,Info Not Available,1070 mm,Info-Not-Available,N/A,N/A,N/A,N/A,0 Bhp @ 0 RPM ,0 NM @ 0 RPM ,0 Kmpl (Approx) ,N/A,N/A,N/A,1200 W,DC Brushless motor,N/A,N/A,Info-Not-Available,1760 mm,680 mm,,Info-Not-Available,N/A,N/A,Drum Brake,Twin shocks,3.0-10,66000,Info-Not-Available,N/A,Info-Not-Available,Info-Not-Available,N/A,N/A,Info-Not-Available,45 Kmph (Approx) ,Auto,tubeless,https://www.bikebd.com/ev/green-tiger-gt-5-pulse,N/A,80 kg,N/A,N/A
N/A,No,N/A,N/A,lead-acid,60V20Ah,N/A,Exploit 07,Electric Scooter,N/A,Single Disc,Exploit,N/A,N/A,N/A,6~8H,N/A,Automatic Clutch,N/A,N/A,,N/A,N/A,Info-Not-Available,N/A,N/A,Electric Motor,N/A,N/A,Disc Brake,Telescopic,100/80-10,N/A,N/A,N/A,Conventional,LED,1130 mm,led,110V / 220V,N/A,N/A,N/A,0 Bhp @ 0 RPM ,0 NM @ 0 RPM ,0 Kmpl (Approx) ,N/A,N/A,N/A,1000W,Brushless,N/A,N/A,digital,1800 mm,730 mm,,yes,N/A,N/A,Drum Brake,Twin shocks,100/80-10,96000,Digital,N/A,Single-Seat,digital,Electric,N/A,led,60 Kmph (Approx) ,Auto,tubeless,https://www.bikebd.com/ev/green-tiger-gt-5-pulse,N/A,106 kg,Alloy,N/A
N/A,No,N/A,N/A,lead-acid,60V20Ah,N/A,Exploit 304 Plus,Electric Scooter,N/A,Single Disc,Exploit,N/A,N/A,N/A,6~8H,N/A,Info Not Available,N/A,N/A,,N/A,N/A,Info-Not-Available,N/A,N/A,Electric Motor,N/A,N/A,Disc Brake,Telescopic,3.50-10,N/A,N/A,N/A,Conventional,LED,N/A,led,110V / 220V,N/A,N/A,N/A,0 Bhp @ 0 RPM ,0 NM @ 0 RPM ,0 Kmpl (Approx) ,N/A,N/A,N/A,1000W,Brushless,N/A,N/A,digital,N/A,N/A,,yes,N/A,N/A,Drum Brake,Twin shocks,3.50-10,90000,Digital,N/A,Single-Seat,digital,N/A,N/A,led,60 Kmph (Approx) ,Auto,tubeless,https://www.bikebd.com/ev/green-tiger-gt-5-pulse,N/A,90 kg,Alloy,N/A
N/A,No,N/A,N/A,lead-acid,72V32Ah,N/A,Exploit M3,Electric BIke,N/A,Double Disc,Exploit,N/A,N/A,N/A,6~8H,N/A,Info Not Available,N/A,N/A,,N/A,N/A,Info-Not-Available,N/A,N/A,Electric Motor,N/A,N/A,Disc Brake,Telescopic USD,120/70-12,N/A,N/A,N/A,Pipe handle bar,LED,1050 mm,led,110V / 220V,N/A,N/A,N/A,0 Bhp @ 0 RPM ,0 NM @ 0 RPM ,0 Kmpl (Approx) ,N/A,N/A,N/A,1200W,Brushless,N/A,N/A,digital,1800 mm,750 mm,,yes,N/A,N/A,Disc Brake,Monoshock,120/70-12,130000,Digital,N/A,Single-Seat,digital,N/A,N/A,led,70 Kmph (Approx) ,Auto,tubeless,https://www.bikebd.com/ev/green-tiger-gt-5-pulse,N/A,132 kg,Alloy,N/A
N/A,No,N/A,N/A,Graphene-Battery,72v 23Ah,N/A,Akij Durbar,Electric BIke,N/A,Double Disc,Akij,N/A,N/A,N/A,6~7H,N/A,Automatic Clutch,N/A,N/A,,N/A,N/A,Info-Not-Available,N/A,N/A,N/A,N/A,N/A,Disc Brake,Telescopic,2.75 – 18,N/A,N/A,N/A,Pipe handle bar,Info Not Available,N/A,Info-Not-Available,110/220V,N/A,N/A,N/A,0 Bhp @ 0 RPM ,0 NM @ 0 RPM ,0 Kmpl (Approx) ,N/A,N/A,N/A,2500W,N/A,N/A,N/A,digital,N/A,N/A,,yes,N/A,N/A,Disc Brake,Twin shocks,110/90-16,145000,Info-Not-Available,N/A,Single-Seat,digital,N/A,N/A,Info-Not-Available,60 Kmph (Approx) ,Auto,tubeless,https://www.bikebd.com/ev/green-tiger-gt-5-pulse,N/A,110 Kg,Alloy,N/A
N/A,No,N/A,N/A,lead-acid,48V 23 Ah,N/A,Akij Durjoy,Electric Scooter,N/A,Double Disc,Akij,N/A,N/A,N/A,6-8 H,N/A,Automatic Clutch,N/A,N/A,Akij Motors Ltd,N/A,N/A,Info-Not-Available,N/A,N/A,N/A,N/A,N/A,Disc Brake,Telescopic,3.0-10,N/A,N/A,N/A,Conventional,Info Not Available,N/A,Info-Not-Available,AC 110-220 V,N/A,N/A,N/A,0 Bhp @ 0 RPM ,0 NM @ 0 RPM ,0 Kmpl (Approx) ,N/A,N/A,N/A,1000 W,N/A,N/A,N/A,digital,N/A,N/A,,yes,N/A,N/A,Disc Brake,Twin shocks,3.0-10,97500,Info-Not-Available,N/A,Single-Seat,digital,N/A,N/A,Info-Not-Available,45 Kmph (Approx) ,Auto,Info-Not-Available,https://www.bikebd.com/ev/green-tiger-gt-5-pulse,N/A,95 kg,Alloy,N/A
N/A,No,N/A,N/A,lead-acid,48V 23 Ah,N/A,Akij Ponkhiraj,Electric Scooter,N/A,N/A,Akij,N/A,N/A,N/A,6-8 Hr,N/A,Info Not Available,N/A,N/A,,N/A,N/A,Info-Not-Available,N/A,N/A,N/A,N/A,N/A,Single Disc,Telescopic,3.0-10,N/A,N/A,N/A,Conventional,Info Not Available,N/A,Info-Not-Available,AC 110-220V,N/A,N/A,N/A,0 Bhp @ 0 RPM ,0 NM @ 0 RPM ,0 Kmpl (Approx) ,N/A,N/A,N/A,1000W,N/A,N/A,N/A,Info-Not-Available,N/A,N/A,,yes,N/A,N/A,Drum Brake,Info Not Available,3.0-10,87500,Info-Not-Available,N/A,Single-Seat,Info-Not-Available,N/A,N/A,Info-Not-Available,45 Kmph (Approx) ,Auto,tubeless,https://www.bikebd.com/ev/green-tiger-gt-5-pulse,N/A,N/A,Alloy,N/A
N/A,No,N/A,N/A,lead-acid,60V 23Ah,N/A,Akij Samrat,Electric BIke,N/A,N/A,Akij,N/A,N/A,N/A,6-8 Hours,N/A,Info Not Available,N/A,N/A,,N/A,N/A,Info-Not-Available,N/A,N/A,N/A,N/A,N/A,Disc Brake,Telescopic,2.75-18,N/A,N/A,N/A,Pipe handle bar,Info Not Available,N/A,Info-Not-Available,AC 110-220V,N/A,N/A,N/A,0 Bhp @ 0 RPM ,0 NM @ 0 RPM ,0 Kmpl (Approx) ,N/A,N/A,N/A,1500W,N/A,N/A,N/A,Info-Not-Available,N/A,N/A,,yes,N/A,N/A,Disc Brake,Twin shocks,3.00-17,92000,Info-Not-Available,N/A,Single-Seat,Info-Not-Available,N/A,N/A,Info-Not-Available,55 Kmph (Approx) ,Auto,Info-Not-Available,https://www.bikebd.com/ev/green-tiger-gt-5-pulse,N/A,N/A,Alloy,N/A
LCD Speedometer,No,N/A,N/A,Lithium-ion,48V 26Ah,N/A,Walton Takyon 1.20,Electric Scooter,N/A,N/A,Walton,N/A,N/A,N/A,5-6 Hours,N/A,Automatic Clutch,N/A,N/A,,N/A,N/A,Info-Not-Available,N/A,N/A,N/A,N/A,N/A,Disc Brake,Telescopic,70/90-12,N/A,N/A,160 mm,Conventional,LED,1035 mm,led,N/A,N/A,N/A,N/A,0 Bhp @ 0 RPM ,93 NM @ 0 RPM ,0 Kmpl (Approx) ,N/A,N/A,N/A,1.5 KW,BOSCH Motor,N/A,N/A,Info-Not-Available,1630 mm,715 mm,,Info-Not-Available,N/A,N/A,Disc Brake,Info Not Available,90/70-12,104900,Info-Not-Available,710 mm,Single-Seat,digital,N/A,N/A,led,45 Kmph (Approx) ,Auto,Info-Not-Available,https://www.bikebd.com/ev/green-tiger-gt-5-pulse,N/A,57 Kg,N/A,1210 mm
LCD Speedometer,No,N/A,N/A,lead-acid,72V 26Ah,N/A,Walton Takyon 1.00,Electric Scooter,N/A,Double Disc,Walton,N/A,N/A,N/A,6-8 hours,N/A,Automatic Clutch,N/A,N/A,,N/A,N/A,Info-Not-Available,N/A,N/A,Hub Motor,N/A,N/A,Disc Brake,Telescopic,90/90-12,N/A,N/A,130 mm,Conventional,LED,1070 mm,led,AC 220V,N/A,N/A,N/A,0 Bhp @ 0 RPM ,88 NM @ 0 RPM ,0 Kmpl (Approx) ,N/A,N/A,N/A,1.2 KW,DC Brushless,N/A,N/A,digital,1860 mm,715 mm,,yes,N/A,N/A,Disc Brake,Dual Spring,100/80-12,137500,Info-Not-Available,770 mm,Single-Seat,digital,N/A,N/A,led,50 Kmph (Approx) ,Auto,tubeless,https://www.bikebd.com/ev/green-tiger-gt-5-pulse,N/A,76 Kg,Alloy,1320 mm
N/A,No,N/A,N/A,Info-Not-Available,60V 24Ah,N/A,Akij Sathi,Electric Scooter,N/A,Single Disc,Akij,N/A,N/A,N/A,5-6 Hours,N/A,Info Not Available,N/A,N/A,,N/A,N/A,Info-Not-Available,N/A,N/A,N/A,N/A,N/A,Disc Brake,Info Not Available,3.0-10,N/A,N/A,N/A,Conventional,Info Not Available,N/A,Info-Not-Available,AC 110-220 V,N/A,60V 20AH,N/A,0 Bhp @ 0 RPM ,0 NM @ 0 RPM ,0 Kmpl (Approx) ,N/A,N/A,N/A,500 W,Brushless,N/A,N/A,Info-Not-Available,N/A,N/A,,yes,N/A,N/A,Drum Brake,Info Not Available,3.0-10,115000,Info-Not-Available,N/A,Single-Seat,Info-Not-Available,N/A,N/A,Info-Not-Available,40 Kmph (Approx) ,Info-Not-Available,Info-Not-Available,https://www.bikebd.com/ev/green-tiger-gt-5-pulse,N/A,105 Kg,N/A,N/A
N/A,No,N/A,N/A,Lithium-ion,48V,N/A,Green Tiger GT-Vive,Electric Scooter,N/A,Double Disc,Green Tiger,N/A,N/A,N/A,4-5 Hours,N/A,Info Not Available,N/A,N/A,,N/A,N/A,Info-Not-Available,N/A,N/A,N/A,N/A,N/A,Single Disc,Conventional telescopic front forks,N/A,N/A,N/A,N/A,Scooter Type,LED,N/A,led,N/A,N/A,N/A,N/A,0 Bhp @ 0 RPM ,0 NM @ 0 RPM ,0 Kmpl (Approx) ,N/A,N/A,N/A,1500W,Brushless DC,N/A,N/A,digital,N/A,N/A,,yes,N/A,N/A,Disc Brake,Dual shocks,N/A,75000,Info-Not-Available,N/A,Single-Seat,digital,Electric,N/A,led,60 Kmph (Approx) ,Auto,tubeless,https://www.bikebd.com/ev/green-tiger-gt-5-pulse,N/A,110 Kg,N/A,N/A
N/A,No,N/A,N/A,mf,60 volt,N/A,Green Tiger GT-5 Pulse,Electric Scooter,N/A,N/A,Green Tiger,N/A,N/A,N/A,N/A,N/A,Automatic Clutch,N/A,N/A,,N/A,N/A,no,N/A,N/A,N/A,N/A,N/A,Hydraulic Disc,Telescopic fork,80/90 – 14,N/A,N/A,N/A,Conventional,LED,N/A,led,N/A,N/A,N/A,N/A,0 Bhp @ 0 RPM ,0 NM @ 0 RPM ,0 Kmpl (Approx) ,N/A,N/A,N/A,N/A,Brushless DC,N/A,N/A,Info-Not-Available,N/A,N/A,,yes,N/A,N/A,Caliper Drum Brake,Dual Spring,N/A,77500,Info-Not-Available,889 mm,Single-Seat,Info-Not-Available,Info-Not-Available,N/A,led,50 Kmph (Approx) ,Auto,tubetyre,https://www.bikebd.com/ev/green-tiger-gt-5-pulse,N/A,110 Kg,Alloy,N/A
N/A,No,N/A,N/A,Info-Not-Available,Info Not Availa,N/A,Bir Eco,Electric Scooter,N/A,N/A,Bir,N/A,N/A,N/A,N/A,N/A,Automatic Centrifuga,N/A,N/A,,N/A,N/A,Info-Not-Available,N/A,N/A,Electric,N/A,N/A,Drum Brake,Info not available,N/A,N/A,N/A,N/A,Info Not Available,Info Not Available,1020 mm,Info-Not-Available,N/A,N/A,N/A,N/A,0 Bhp @ 0 RPM ,0 NM @ 0 RPM ,0 Kmpl (Approx) ,N/A,N/A,N/A,N/A,N/A,N/A,N/A,Info-Not-Available,1680 mm,580 mm,,Info-Not-Available,N/A,N/A,Drum Brake,Info not available,N/A,57500,Info-Not-Available,N/A,Info-Not-Available,Info-Not-Available,N/A,N/A,Info-Not-Available,30 Kmph (Approx) ,Auto,Info-Not-Available,https://www.bikebd.com/ev/green-tiger-gt-5-pulse,N/A,50 kg,N/A,N/A
N/A,No,N/A,N/A,Info-Not-Available,60 V/ 28Ah,N/A,Bir Magnum,Electric Scooter,N/A,N/A,Bir,N/A,N/A,N/A,8 hours,N/A,Automatic Clutch,N/A,N/A,,N/A,N/A,no,N/A,N/A,N/A,N/A,N/A,Single Disc,Telescopic,3.5-12,N/A,N/A,N/A,Conventional,Info Not Available,1140 mm,Info-Not-Available,N/A,N/A,N/A,N/A,0 Bhp @ 0 RPM ,0 NM @ 0 RPM ,0 Kmpl (Approx) ,N/A,N/A,N/A,1200 W,DC Brushless motor,N/A,N/A,Info-Not-Available,1870 mm,670 mm,,Info-Not-Available,N/A,N/A,Drum Brake,Monoshock,3.5-12,73500,Info-Not-Available,N/A,Info-Not-Available,Info-Not-Available,N/A,N/A,Info-Not-Available,45 Kmph (Approx) ,Auto,tubeless,https://www.bikebd.com/ev/green-tiger-gt-5-pulse,N/A,85.5 kg,N/A,N/A
N/A,No,N/A,N/A,Info-Not-Available,Info Not Availa,N/A,Bir Nova,Electric Scooter,N/A,N/A,Bir,N/A,N/A,N/A,N/A,N/A,Automatic Clutch,N/A,N/A,,N/A,N/A,Info-Not-Available,N/A,N/A,N/A,N/A,N/A,Single Disc,Telescopic,N/A,N/A,N/A,N/A,Info Not Available,Info Not Available,N/A,Info-Not-Available,N/A,N/A,N/A,N/A,0 Bhp @ 0 RPM ,0 NM @ 0 RPM ,0 Kmpl (Approx) ,N/A,N/A,N/A,N/A,N/A,N/A,N/A,Info-Not-Available,N/A,N/A,,Info-Not-Available,N/A,N/A,Drum Brake,Twin shocks,N/A,65000,Info-Not-Available,N/A,Single-Seat,Info-Not-Available,N/A,N/A,Info-Not-Available,34 Kmph (Approx) ,Auto,Info-Not-Available,https://www.bikebd.com/ev/green-tiger-gt-5-pulse,N/A,N/A,Alloy,N/A
